run,size,model,lora_rank,step,epoch,loss
gemma3_270m_all_legal_moves_v4,270m,Gemma 3 270M,16,0,0.010666666666666666,1.6427879333496094
gemma3_270m_all_legal_moves_v4,270m,Gemma 3 270M,16,0,0.021333333333333333,1.1053071975708009
gemma3_270m_all_legal_moves_v4,270m,Gemma 3 270M,16,0,0.032,0.8616150856018067
gemma3_270m_all_legal_moves_v4,270m,Gemma 3 270M,16,0,0.042666666666666665,0.75576171875
gemma3_270m_all_legal_moves_v4,270m,Gemma 3 270M,16,0,0.05333333333333334,0.6964788436889648
gemma3_270m_all_legal_moves_v4,270m,Gemma 3 270M,16,0,0.064,0.568671178817749
gemma3_270m_all_legal_moves_v4,270m,Gemma 3 270M,16,0,0.07466666666666667,0.5118247032165527
gemma3_270m_all_legal_moves_v4,270m,Gemma 3 270M,16,0,0.08533333333333333,0.47388315200805664
gemma3_270m_all_legal_moves_v4,270m,Gemma 3 270M,16,0,0.096,0.48233609199523925
gemma3_270m_all_legal_moves_v4,270m,Gemma 3 270M,16,0,0.10666666666666667,0.46184711456298827
gemma3_270m_all_legal_moves_v4,270m,Gemma 3 270M,16,0,0.11733333333333333,0.44121298789978025
gemma3_270m_all_legal_moves_v4,270m,Gemma 3 270M,16,0,0.128,0.48571133613586426
gemma3_270m_all_legal_moves_v4,270m,Gemma 3 270M,16,0,0.13866666666666666,0.4571515083312988
gemma3_270m_all_legal_moves_v4,270m,Gemma 3 270M,16,0,0.14933333333333335,0.44908990859985354
gemma3_270m_all_legal_moves_v4,270m,Gemma 3 270M,16,0,0.16,0.40447053909301756
gemma3_270m_all_legal_moves_v4,270m,Gemma 3 270M,16,0,0.17066666666666666,0.38313612937927244
gemma3_270m_all_legal_moves_v4,270m,Gemma 3 270M,16,0,0.18133333333333335,0.3687934875488281
gemma3_270m_all_legal_moves_v4,270m,Gemma 3 270M,16,0,0.192,0.3655451059341431
gemma3_270m_all_legal_moves_v4,270m,Gemma 3 270M,16,0,0.20266666666666666,0.3754223108291626
gemma3_270m_all_legal_moves_v4,270m,Gemma 3 270M,16,0,0.21333333333333335,0.35498015880584716
gemma3_270m_all_legal_moves_v4,270m,Gemma 3 270M,16,0,0.224,0.35278637409210206
gemma3_270m_all_legal_moves_v4,270m,Gemma 3 270M,16,0,0.23466666666666666,0.34303505420684816
gemma3_270m_all_legal_moves_v4,270m,Gemma 3 270M,16,0,0.24533333333333332,0.42061686515808105
gemma3_270m_all_legal_moves_v4,270m,Gemma 3 270M,16,0,0.256,0.3906719446182251
gemma3_270m_all_legal_moves_v4,270m,Gemma 3 270M,16,0,0.26666666666666666,0.3798712730407715
gemma3_270m_all_legal_moves_v4,270m,Gemma 3 270M,16,0,0.2773333333333333,0.3611215829849243
gemma3_270m_all_legal_moves_v4,270m,Gemma 3 270M,16,0,0.288,0.3273794412612915
gemma3_270m_all_legal_moves_v4,270m,Gemma 3 270M,16,0,0.2986666666666667,0.3249340295791626
gemma3_270m_all_legal_moves_v4,270m,Gemma 3 270M,16,0,0.30933333333333335,0.315090537071228
gemma3_270m_all_legal_moves_v4,270m,Gemma 3 270M,16,0,0.32,0.3120262622833252
gemma3_270m_all_legal_moves_v4,270m,Gemma 3 270M,16,0,0.33066666666666666,0.3140531063079834
gemma3_270m_all_legal_moves_v4,270m,Gemma 3 270M,16,0,0.3413333333333333,0.3172452449798584
gemma3_270m_all_legal_moves_v4,270m,Gemma 3 270M,16,0,0.352,0.30595543384552004
gemma3_270m_all_legal_moves_v4,270m,Gemma 3 270M,16,0,0.3626666666666667,0.3070997714996338
gemma3_270m_all_legal_moves_v4,270m,Gemma 3 270M,16,0,0.37333333333333335,0.30242419242858887
gemma3_270m_all_legal_moves_v4,270m,Gemma 3 270M,16,0,0.384,0.30250325202941897
gemma3_270m_all_legal_moves_v4,270m,Gemma 3 270M,16,0,0.39466666666666667,0.35910768508911134
gemma3_270m_all_legal_moves_v4,270m,Gemma 3 270M,16,0,0.4053333333333333,0.3587190628051758
gemma3_270m_all_legal_moves_v4,270m,Gemma 3 270M,16,0,0.416,0.3579702854156494
gemma3_270m_all_legal_moves_v4,270m,Gemma 3 270M,16,0,0.4266666666666667,0.3428922653198242
gemma3_270m_all_legal_moves_v4,270m,Gemma 3 270M,16,0,0.43733333333333335,0.3052946090698242
gemma3_270m_all_legal_moves_v4,270m,Gemma 3 270M,16,0,0.448,0.30175492763519285
gemma3_270m_all_legal_moves_v4,270m,Gemma 3 270M,16,0,0.45866666666666667,0.28968396186828616
gemma3_270m_all_legal_moves_v4,270m,Gemma 3 270M,16,0,0.4693333333333333,0.27948589324951173
gemma3_270m_all_legal_moves_v4,270m,Gemma 3 270M,16,0,0.48,0.2850188255310059
gemma3_270m_all_legal_moves_v4,270m,Gemma 3 270M,16,0,0.49066666666666664,0.2905044317245483
gemma3_270m_all_legal_moves_v4,270m,Gemma 3 270M,16,0,0.5013333333333333,0.28166029453277586
gemma3_270m_all_legal_moves_v4,270m,Gemma 3 270M,16,0,0.512,0.28749938011169435
gemma3_270m_all_legal_moves_v4,270m,Gemma 3 270M,16,0,0.5226666666666666,0.28259613513946535
gemma3_270m_all_legal_moves_v4,270m,Gemma 3 270M,16,0,0.5333333333333333,0.27504539489746094
gemma3_270m_all_legal_moves_v4,270m,Gemma 3 270M,16,0,0.544,0.3175938844680786
gemma3_270m_all_legal_moves_v4,270m,Gemma 3 270M,16,0,0.5546666666666666,0.34083237648010256
gemma3_270m_all_legal_moves_v4,270m,Gemma 3 270M,16,0,0.5653333333333334,0.33383543491363527
gemma3_270m_all_legal_moves_v4,270m,Gemma 3 270M,16,0,0.576,0.33867955207824707
gemma3_270m_all_legal_moves_v4,270m,Gemma 3 270M,16,0,0.5866666666666667,0.2861878156661987
gemma3_270m_all_legal_moves_v4,270m,Gemma 3 270M,16,0,0.5973333333333334,0.27993245124816896
gemma3_270m_all_legal_moves_v4,270m,Gemma 3 270M,16,0,0.608,0.28008670806884767
gemma3_270m_all_legal_moves_v4,270m,Gemma 3 270M,16,0,0.6186666666666667,0.2667666435241699
gemma3_270m_all_legal_moves_v4,270m,Gemma 3 270M,16,0,0.6293333333333333,0.26786093711853026
gemma3_270m_all_legal_moves_v4,270m,Gemma 3 270M,16,0,0.64,0.2676286220550537
gemma3_270m_all_legal_moves_v4,270m,Gemma 3 270M,16,0,0.6506666666666666,0.26671795845031737
gemma3_270m_all_legal_moves_v4,270m,Gemma 3 270M,16,0,0.6613333333333333,0.26607038974761965
gemma3_270m_all_legal_moves_v4,270m,Gemma 3 270M,16,0,0.672,0.2619316816329956
gemma3_270m_all_legal_moves_v4,270m,Gemma 3 270M,16,0,0.6826666666666666,0.2625909328460693
gemma3_270m_all_legal_moves_v4,270m,Gemma 3 270M,16,0,0.6933333333333334,0.302090048789978
gemma3_270m_all_legal_moves_v4,270m,Gemma 3 270M,16,0,0.704,0.3167916536331177
gemma3_270m_all_legal_moves_v4,270m,Gemma 3 270M,16,0,0.7146666666666667,0.31821110248565676
gemma3_270m_all_legal_moves_v4,270m,Gemma 3 270M,16,0,0.7253333333333334,0.3030024290084839
gemma3_270m_all_legal_moves_v4,270m,Gemma 3 270M,16,0,0.736,0.2676558017730713
gemma3_270m_all_legal_moves_v4,270m,Gemma 3 270M,16,0,0.7466666666666667,0.254057788848877
gemma3_270m_all_legal_moves_v4,270m,Gemma 3 270M,16,0,0.7573333333333333,0.24580600261688232
gemma3_270m_all_legal_moves_v4,270m,Gemma 3 270M,16,0,0.768,0.24104998111724854
gemma3_270m_all_legal_moves_v4,270m,Gemma 3 270M,16,0,0.7786666666666666,0.2399444341659546
gemma3_270m_all_legal_moves_v4,270m,Gemma 3 270M,16,0,0.7893333333333333,0.23461060523986815
gemma3_270m_all_legal_moves_v4,270m,Gemma 3 270M,16,0,0.8,0.23601768016815186
gemma3_270m_all_legal_moves_v4,270m,Gemma 3 270M,16,0,0.8106666666666666,0.24784185886383056
gemma3_270m_all_legal_moves_v4,270m,Gemma 3 270M,16,0,0.8213333333333334,0.29229800701141356
gemma3_270m_all_legal_moves_v4,270m,Gemma 3 270M,16,0,0.832,0.2818878650665283
gemma3_270m_all_legal_moves_v4,270m,Gemma 3 270M,16,0,0.8426666666666667,0.2699848413467407
gemma3_270m_all_legal_moves_v4,270m,Gemma 3 270M,16,0,0.8533333333333334,0.23712055683135985
gemma3_270m_all_legal_moves_v4,270m,Gemma 3 270M,16,0,0.864,0.2400277853012085
gemma3_270m_all_legal_moves_v4,270m,Gemma 3 270M,16,0,0.8746666666666667,0.21169042587280273
gemma3_270m_all_legal_moves_v4,270m,Gemma 3 270M,16,0,0.8853333333333333,0.21620347499847412
gemma3_270m_all_legal_moves_v4,270m,Gemma 3 270M,16,0,0.896,0.21432573795318605
gemma3_270m_all_legal_moves_v4,270m,Gemma 3 270M,16,0,0.9066666666666666,0.2422311544418335
gemma3_270m_all_legal_moves_v4,270m,Gemma 3 270M,16,0,0.9173333333333333,0.25036847591400146
gemma3_270m_all_legal_moves_v4,270m,Gemma 3 270M,16,0,0.928,0.2330706834793091
gemma3_270m_all_legal_moves_v4,270m,Gemma 3 270M,16,0,0.9386666666666666,0.23743808269500732
gemma3_270m_all_legal_moves_v4,270m,Gemma 3 270M,16,0,0.9493333333333334,0.21097128391265868
gemma3_270m_all_legal_moves_v4,270m,Gemma 3 270M,16,0,0.96,0.19792413711547852
gemma3_270m_all_legal_moves_v4,270m,Gemma 3 270M,16,0,0.9706666666666667,0.22860236167907716
gemma3_270m_all_legal_moves_v4,270m,Gemma 3 270M,16,0,0.9813333333333333,0.22319302558898926
gemma3_270m_all_legal_moves_v4,270m,Gemma 3 270M,16,0,0.992,0.2384697675704956
gemma3_270m_all_legal_moves_v4,270m,Gemma 3 270M,16,0,1.0026666666666666,0.21249518394470215
gemma3_270m_all_legal_moves_v4,270m,Gemma 3 270M,16,0,1.0133333333333334,0.1685015082359314
gemma3_270m_all_legal_moves_v4,270m,Gemma 3 270M,16,0,1.024,0.17746255397796631
gemma3_270m_all_legal_moves_v4,270m,Gemma 3 270M,16,0,1.0346666666666666,0.18211846351623534
gemma3_270m_all_legal_moves_v4,270m,Gemma 3 270M,16,0,1.0453333333333332,0.20497348308563232
gemma3_270m_all_legal_moves_v4,270m,Gemma 3 270M,16,0,1.056,0.21275863647460938
gemma3_270m_all_legal_moves_v4,270m,Gemma 3 270M,16,0,1.0666666666666667,0.16685175895690918
gemma3_270m_all_legal_moves_v4,270m,Gemma 3 270M,16,0,1.0773333333333333,0.16005873680114746
gemma3_270m_all_legal_moves_v4,270m,Gemma 3 270M,16,0,1.088,0.15642831325531006
gemma3_270m_all_legal_moves_v4,270m,Gemma 3 270M,16,0,1.0986666666666667,0.1717272162437439
gemma3_270m_all_legal_moves_v4,270m,Gemma 3 270M,16,0,1.1093333333333333,0.17067227363586426
gemma3_270m_all_legal_moves_v4,270m,Gemma 3 270M,16,0,1.12,0.17006449699401854
gemma3_270m_all_legal_moves_v4,270m,Gemma 3 270M,16,0,1.1306666666666667,0.19107786417007447
gemma3_270m_all_legal_moves_v4,270m,Gemma 3 270M,16,0,1.1413333333333333,0.1828852653503418
gemma3_270m_all_legal_moves_v4,270m,Gemma 3 270M,16,0,1.152,0.18264738321304322
gemma3_270m_all_legal_moves_v4,270m,Gemma 3 270M,16,0,1.1626666666666667,0.1586361050605774
gemma3_270m_all_legal_moves_v4,270m,Gemma 3 270M,16,0,1.1733333333333333,0.15137777328491211
gemma3_270m_all_legal_moves_v4,270m,Gemma 3 270M,16,0,1.184,0.1510114550590515
gemma3_270m_all_legal_moves_v4,270m,Gemma 3 270M,16,0,1.1946666666666665,0.15386728048324586
gemma3_270m_all_legal_moves_v4,270m,Gemma 3 270M,16,0,1.2053333333333334,0.15898654460906983
gemma3_270m_all_legal_moves_v4,270m,Gemma 3 270M,16,0,1.216,0.1521650195121765
gemma3_270m_all_legal_moves_v4,270m,Gemma 3 270M,16,0,1.2266666666666666,0.1537512421607971
gemma3_270m_all_legal_moves_v4,270m,Gemma 3 270M,16,0,1.2373333333333334,0.1615530490875244
gemma3_270m_all_legal_moves_v4,270m,Gemma 3 270M,16,0,1.248,0.17731051445007323
gemma3_270m_all_legal_moves_v4,270m,Gemma 3 270M,16,0,1.2586666666666666,0.17788652181625367
gemma3_270m_all_legal_moves_v4,270m,Gemma 3 270M,16,0,1.2693333333333334,0.17444264888763428
gemma3_270m_all_legal_moves_v4,270m,Gemma 3 270M,16,0,1.28,0.16271770000457764
gemma3_270m_all_legal_moves_v4,270m,Gemma 3 270M,16,0,1.2906666666666666,0.14717074632644653
gemma3_270m_all_legal_moves_v4,270m,Gemma 3 270M,16,0,1.3013333333333335,0.14317065477371216
gemma3_270m_all_legal_moves_v4,270m,Gemma 3 270M,16,0,1.312,0.1426482081413269
gemma3_270m_all_legal_moves_v4,270m,Gemma 3 270M,16,0,1.3226666666666667,0.14036754369735718
gemma3_270m_all_legal_moves_v4,270m,Gemma 3 270M,16,0,1.3333333333333333,0.14646549224853517
gemma3_270m_all_legal_moves_v4,270m,Gemma 3 270M,16,0,1.3439999999999999,0.14716240167617797
gemma3_270m_all_legal_moves_v4,270m,Gemma 3 270M,16,0,1.3546666666666667,0.14676992893218993
gemma3_270m_all_legal_moves_v4,270m,Gemma 3 270M,16,0,1.3653333333333333,0.14768494367599488
gemma3_270m_all_legal_moves_v4,270m,Gemma 3 270M,16,0,1.376,0.1444736361503601
gemma3_270m_all_legal_moves_v4,270m,Gemma 3 270M,16,0,1.3866666666666667,0.1483840227127075
gemma3_270m_all_legal_moves_v4,270m,Gemma 3 270M,16,0,1.3973333333333333,0.16904903650283815
gemma3_270m_all_legal_moves_v4,270m,Gemma 3 270M,16,0,1.408,0.16734621524810792
gemma3_270m_all_legal_moves_v4,270m,Gemma 3 270M,16,0,1.4186666666666667,0.16607474088668822
gemma3_270m_all_legal_moves_v4,270m,Gemma 3 270M,16,0,1.4293333333333333,0.16008819341659547
gemma3_270m_all_legal_moves_v4,270m,Gemma 3 270M,16,0,1.44,0.148581600189209
gemma3_270m_all_legal_moves_v4,270m,Gemma 3 270M,16,0,1.4506666666666668,0.13392019271850586
gemma3_270m_all_legal_moves_v4,270m,Gemma 3 270M,16,0,1.4613333333333334,0.13085473775863649
gemma3_270m_all_legal_moves_v4,270m,Gemma 3 270M,16,0,1.472,0.12755403518676758
gemma3_270m_all_legal_moves_v4,270m,Gemma 3 270M,16,0,1.4826666666666668,0.12701221704483032
gemma3_270m_all_legal_moves_v4,270m,Gemma 3 270M,16,0,1.4933333333333334,0.13685879707336426
gemma3_270m_all_legal_moves_v4,270m,Gemma 3 270M,16,0,1.504,0.12928007841110228
gemma3_270m_all_legal_moves_v4,270m,Gemma 3 270M,16,0,1.5146666666666668,0.1395159125328064
gemma3_270m_all_legal_moves_v4,270m,Gemma 3 270M,16,0,1.5253333333333332,0.13527907133102418
gemma3_270m_all_legal_moves_v4,270m,Gemma 3 270M,16,0,1.536,0.12839407920837403
gemma3_270m_all_legal_moves_v4,270m,Gemma 3 270M,16,0,1.5466666666666666,0.15484124422073364
gemma3_270m_all_legal_moves_v4,270m,Gemma 3 270M,16,0,1.5573333333333332,0.1642414927482605
gemma3_270m_all_legal_moves_v4,270m,Gemma 3 270M,16,0,1.568,0.16410892009735106
gemma3_270m_all_legal_moves_v4,270m,Gemma 3 270M,16,0,1.5786666666666667,0.15945576429367064
gemma3_270m_all_legal_moves_v4,270m,Gemma 3 270M,16,0,1.5893333333333333,0.13732670545578002
gemma3_270m_all_legal_moves_v4,270m,Gemma 3 270M,16,0,1.6,0.13146220445632933
gemma3_270m_all_legal_moves_v4,270m,Gemma 3 270M,16,0,1.6106666666666667,0.12748361825942994
gemma3_270m_all_legal_moves_v4,270m,Gemma 3 270M,16,0,1.6213333333333333,0.12328641414642334
gemma3_270m_all_legal_moves_v4,270m,Gemma 3 270M,16,0,1.6320000000000001,0.12252862453460693
gemma3_270m_all_legal_moves_v4,270m,Gemma 3 270M,16,0,1.6426666666666667,0.13042107820510865
gemma3_270m_all_legal_moves_v4,270m,Gemma 3 270M,16,0,1.6533333333333333,0.1303078055381775
gemma3_270m_all_legal_moves_v4,270m,Gemma 3 270M,16,0,1.6640000000000001,0.12750642299652098
gemma3_270m_all_legal_moves_v4,270m,Gemma 3 270M,16,0,1.6746666666666665,0.12289576530456543
gemma3_270m_all_legal_moves_v4,270m,Gemma 3 270M,16,0,1.6853333333333333,0.12747642993927003
gemma3_270m_all_legal_moves_v4,270m,Gemma 3 270M,16,0,1.696,0.1558700442314148
gemma3_270m_all_legal_moves_v4,270m,Gemma 3 270M,16,0,1.7066666666666666,0.15957846641540527
gemma3_270m_all_legal_moves_v4,270m,Gemma 3 270M,16,0,1.7173333333333334,0.15586591958999635
gemma3_270m_all_legal_moves_v4,270m,Gemma 3 270M,16,0,1.728,0.14868879318237305
gemma3_270m_all_legal_moves_v4,270m,Gemma 3 270M,16,0,1.7386666666666666,0.13003981113433838
gemma3_270m_all_legal_moves_v4,270m,Gemma 3 270M,16,0,1.7493333333333334,0.12152552604675293
gemma3_270m_all_legal_moves_v4,270m,Gemma 3 270M,16,0,1.76,0.12072943449020386
gemma3_270m_all_legal_moves_v4,270m,Gemma 3 270M,16,0,1.7706666666666666,0.11542724370956421
gemma3_270m_all_legal_moves_v4,270m,Gemma 3 270M,16,0,1.7813333333333334,0.11970300674438476
gemma3_270m_all_legal_moves_v4,270m,Gemma 3 270M,16,0,1.792,0.11792765855789185
gemma3_270m_all_legal_moves_v4,270m,Gemma 3 270M,16,0,1.8026666666666666,0.11996663808822632
gemma3_270m_all_legal_moves_v4,270m,Gemma 3 270M,16,0,1.8133333333333335,0.1384552836418152
gemma3_270m_all_legal_moves_v4,270m,Gemma 3 270M,16,0,1.8239999999999998,0.1597708582878113
gemma3_270m_all_legal_moves_v4,270m,Gemma 3 270M,16,0,1.8346666666666667,0.15760650634765624
gemma3_270m_all_legal_moves_v4,270m,Gemma 3 270M,16,0,1.8453333333333335,0.13455183506011964
gemma3_270m_all_legal_moves_v4,270m,Gemma 3 270M,16,0,1.8559999999999999,0.1257593274116516
gemma3_270m_all_legal_moves_v4,270m,Gemma 3 270M,16,0,1.8666666666666667,0.1246331810951233
gemma3_270m_all_legal_moves_v4,270m,Gemma 3 270M,16,0,1.8773333333333333,0.11111831665039062
gemma3_270m_all_legal_moves_v4,270m,Gemma 3 270M,16,0,1.888,0.1152950406074524
gemma3_270m_all_legal_moves_v4,270m,Gemma 3 270M,16,0,1.8986666666666667,0.11355611085891723
gemma3_270m_all_legal_moves_v4,270m,Gemma 3 270M,16,0,1.9093333333333333,0.14757251739501953
gemma3_270m_all_legal_moves_v4,270m,Gemma 3 270M,16,0,1.92,0.1528948426246643
gemma3_270m_all_legal_moves_v4,270m,Gemma 3 270M,16,0,1.9306666666666668,0.12802046537399292
gemma3_270m_all_legal_moves_v4,270m,Gemma 3 270M,16,0,1.9413333333333334,0.13836870193481446
gemma3_270m_all_legal_moves_v4,270m,Gemma 3 270M,16,0,1.952,0.11124604940414429
gemma3_270m_all_legal_moves_v4,270m,Gemma 3 270M,16,0,1.9626666666666668,0.11427607536315917
gemma3_270m_all_legal_moves_v4,270m,Gemma 3 270M,16,0,1.9733333333333334,0.14789425134658812
gemma3_270m_all_legal_moves_v4,270m,Gemma 3 270M,16,0,1.984,0.13626599311828613
gemma3_270m_all_legal_moves_v4,270m,Gemma 3 270M,16,0,1.9946666666666668,0.1420969247817993
gemma3_270m_all_legal_moves_v4,270m,Gemma 3 270M,16,0,2.005333333333333,0.12257963418960571
gemma3_270m_all_legal_moves_v4,270m,Gemma 3 270M,16,0,2.016,0.09529907703399658
gemma3_270m_all_legal_moves_v4,270m,Gemma 3 270M,16,0,2.026666666666667,0.10283162593841552
gemma3_270m_all_legal_moves_v4,270m,Gemma 3 270M,16,0,2.037333333333333,0.11154565811157227
gemma3_270m_all_legal_moves_v4,270m,Gemma 3 270M,16,0,2.048,0.13177199363708497
gemma3_270m_all_legal_moves_v4,270m,Gemma 3 270M,16,0,2.058666666666667,0.12261370420455933
gemma3_270m_all_legal_moves_v4,270m,Gemma 3 270M,16,0,2.0693333333333332,0.09756861329078674
gemma3_270m_all_legal_moves_v4,270m,Gemma 3 270M,16,0,2.08,0.09309971332550049
gemma3_270m_all_legal_moves_v4,270m,Gemma 3 270M,16,0,2.0906666666666665,0.0951540231704712
gemma3_270m_all_legal_moves_v4,270m,Gemma 3 270M,16,0,2.1013333333333333,0.09946190118789673
gemma3_270m_all_legal_moves_v4,270m,Gemma 3 270M,16,0,2.112,0.10022680759429932
gemma3_270m_all_legal_moves_v4,270m,Gemma 3 270M,16,0,2.1226666666666665,0.11143555641174316
gemma3_270m_all_legal_moves_v4,270m,Gemma 3 270M,16,0,2.1333333333333333,0.11642446517944335
gemma3_270m_all_legal_moves_v4,270m,Gemma 3 270M,16,0,2.144,0.11548135280609131
gemma3_270m_all_legal_moves_v4,270m,Gemma 3 270M,16,0,2.1546666666666665,0.10435832738876342
gemma3_270m_all_legal_moves_v4,270m,Gemma 3 270M,16,0,2.1653333333333333,0.0958868682384491
gemma3_270m_all_legal_moves_v4,270m,Gemma 3 270M,16,0,2.176,0.09349191188812256
gemma3_270m_all_legal_moves_v4,270m,Gemma 3 270M,16,0,2.1866666666666665,0.08877511620521546
gemma3_270m_all_legal_moves_v4,270m,Gemma 3 270M,16,0,2.1973333333333334,0.09554381966590882
gemma3_270m_all_legal_moves_v4,270m,Gemma 3 270M,16,0,2.208,0.09640202522277833
gemma3_270m_all_legal_moves_v4,270m,Gemma 3 270M,16,0,2.2186666666666666,0.09360861778259277
gemma3_270m_all_legal_moves_v4,270m,Gemma 3 270M,16,0,2.2293333333333334,0.09351833462715149
gemma3_270m_all_legal_moves_v4,270m,Gemma 3 270M,16,0,2.24,0.10512664318084716
gemma3_270m_all_legal_moves_v4,270m,Gemma 3 270M,16,0,2.2506666666666666,0.12171815633773804
gemma3_270m_all_legal_moves_v4,270m,Gemma 3 270M,16,0,2.2613333333333334,0.1130300521850586
gemma3_270m_all_legal_moves_v4,270m,Gemma 3 270M,16,0,2.2720000000000002,0.11175341606140136
gemma3_270m_all_legal_moves_v4,270m,Gemma 3 270M,16,0,2.2826666666666666,0.09803068041801452
gemma3_270m_all_legal_moves_v4,270m,Gemma 3 270M,16,0,2.2933333333333334,0.09505573511123658
gemma3_270m_all_legal_moves_v4,270m,Gemma 3 270M,16,0,2.304,0.08940360546112061
gemma3_270m_all_legal_moves_v4,270m,Gemma 3 270M,16,0,2.3146666666666667,0.08948345184326172
gemma3_270m_all_legal_moves_v4,270m,Gemma 3 270M,16,0,2.3253333333333335,0.08968613147735596
gemma3_270m_all_legal_moves_v4,270m,Gemma 3 270M,16,0,2.336,0.09188846945762634
gemma3_270m_all_legal_moves_v4,270m,Gemma 3 270M,16,0,2.3466666666666667,0.09260732531547547
gemma3_270m_all_legal_moves_v4,270m,Gemma 3 270M,16,0,2.3573333333333335,0.09053195118904114
gemma3_270m_all_legal_moves_v4,270m,Gemma 3 270M,16,0,2.368,0.09339944720268249
gemma3_270m_all_legal_moves_v4,270m,Gemma 3 270M,16,0,2.3786666666666667,0.09098122119903565
gemma3_270m_all_legal_moves_v4,270m,Gemma 3 270M,16,0,2.389333333333333,0.10175575017929077
gemma3_270m_all_legal_moves_v4,270m,Gemma 3 270M,16,0,2.4,0.11480698585510254
gemma3_270m_all_legal_moves_v4,270m,Gemma 3 270M,16,0,2.4106666666666667,0.11712511777877807
gemma3_270m_all_legal_moves_v4,270m,Gemma 3 270M,16,0,2.421333333333333,0.1116676926612854
gemma3_270m_all_legal_moves_v4,270m,Gemma 3 270M,16,0,2.432,0.10377923250198365
gemma3_270m_all_legal_moves_v4,270m,Gemma 3 270M,16,0,2.4426666666666668,0.09537983536720276
gemma3_270m_all_legal_moves_v4,270m,Gemma 3 270M,16,0,2.453333333333333,0.08603820204734802
gemma3_270m_all_legal_moves_v4,270m,Gemma 3 270M,16,0,2.464,0.085849529504776
gemma3_270m_all_legal_moves_v4,270m,Gemma 3 270M,16,0,2.474666666666667,0.08404180407524109
gemma3_270m_all_legal_moves_v4,270m,Gemma 3 270M,16,0,2.485333333333333,0.08327863812446594
gemma3_270m_all_legal_moves_v4,270m,Gemma 3 270M,16,0,2.496,0.08943418860435486
gemma3_270m_all_legal_moves_v4,270m,Gemma 3 270M,16,0,2.506666666666667,0.08585895299911499
gemma3_270m_all_legal_moves_v4,270m,Gemma 3 270M,16,0,2.517333333333333,0.09303763508796692
gemma3_270m_all_legal_moves_v4,270m,Gemma 3 270M,16,0,2.528,0.08608627319335938
gemma3_270m_all_legal_moves_v4,270m,Gemma 3 270M,16,0,2.538666666666667,0.08809313774108887
gemma3_270m_all_legal_moves_v4,270m,Gemma 3 270M,16,0,2.5493333333333332,0.11137596368789673
gemma3_270m_all_legal_moves_v4,270m,Gemma 3 270M,16,0,2.56,0.1161421537399292
gemma3_270m_all_legal_moves_v4,270m,Gemma 3 270M,16,0,2.570666666666667,0.11812236309051513
gemma3_270m_all_legal_moves_v4,270m,Gemma 3 270M,16,0,2.5813333333333333,0.108173406124115
gemma3_270m_all_legal_moves_v4,270m,Gemma 3 270M,16,0,2.592,0.09019836783409119
gemma3_270m_all_legal_moves_v4,270m,Gemma 3 270M,16,0,2.602666666666667,0.08881192207336426
gemma3_270m_all_legal_moves_v4,270m,Gemma 3 270M,16,0,2.6133333333333333,0.0865031898021698
gemma3_270m_all_legal_moves_v4,270m,Gemma 3 270M,16,0,2.624,0.0845598816871643
gemma3_270m_all_legal_moves_v4,270m,Gemma 3 270M,16,0,2.634666666666667,0.08219479918479919
gemma3_270m_all_legal_moves_v4,270m,Gemma 3 270M,16,0,2.6453333333333333,0.08946689367294311
gemma3_270m_all_legal_moves_v4,270m,Gemma 3 270M,16,0,2.656,0.08605199456214904
gemma3_270m_all_legal_moves_v4,270m,Gemma 3 270M,16,0,2.6666666666666665,0.08855392336845398
gemma3_270m_all_legal_moves_v4,270m,Gemma 3 270M,16,0,2.6773333333333333,0.08554303646087646
gemma3_270m_all_legal_moves_v4,270m,Gemma 3 270M,16,0,2.6879999999999997,0.08854306936264038
gemma3_270m_all_legal_moves_v4,270m,Gemma 3 270M,16,0,2.6986666666666665,0.11649547815322876
gemma3_270m_all_legal_moves_v4,270m,Gemma 3 270M,16,0,2.7093333333333334,0.11584163904190063
gemma3_270m_all_legal_moves_v4,270m,Gemma 3 270M,16,0,2.7199999999999998,0.11159785985946655
gemma3_270m_all_legal_moves_v4,270m,Gemma 3 270M,16,0,2.7306666666666666,0.10318413972854615
gemma3_270m_all_legal_moves_v4,270m,Gemma 3 270M,16,0,2.7413333333333334,0.08965842723846436
gemma3_270m_all_legal_moves_v4,270m,Gemma 3 270M,16,0,2.752,0.0830160915851593
gemma3_270m_all_legal_moves_v4,270m,Gemma 3 270M,16,0,2.7626666666666666,0.08421980738639831
gemma3_270m_all_legal_moves_v4,270m,Gemma 3 270M,16,0,2.7733333333333334,0.08415564894676208
gemma3_270m_all_legal_moves_v4,270m,Gemma 3 270M,16,0,2.784,0.08388062715530395
gemma3_270m_all_legal_moves_v4,270m,Gemma 3 270M,16,0,2.7946666666666666,0.0814388632774353
gemma3_270m_all_legal_moves_v4,270m,Gemma 3 270M,16,0,2.8053333333333335,0.0828062891960144
gemma3_270m_all_legal_moves_v4,270m,Gemma 3 270M,16,0,2.816,0.11201761960983277
gemma3_270m_all_legal_moves_v4,270m,Gemma 3 270M,16,0,2.8266666666666667,0.12221922874450683
gemma3_270m_all_legal_moves_v4,270m,Gemma 3 270M,16,0,2.8373333333333335,0.11801315546035766
gemma3_270m_all_legal_moves_v4,270m,Gemma 3 270M,16,0,2.848,0.08931908011436462
gemma3_270m_all_legal_moves_v4,270m,Gemma 3 270M,16,0,2.8586666666666667,0.10008429288864136
gemma3_270m_all_legal_moves_v4,270m,Gemma 3 270M,16,0,2.8693333333333335,0.08392894268035889
gemma3_270m_all_legal_moves_v4,270m,Gemma 3 270M,16,0,2.88,0.08221284151077271
gemma3_270m_all_legal_moves_v4,270m,Gemma 3 270M,16,0,2.8906666666666667,0.08311097621917725
gemma3_270m_all_legal_moves_v4,270m,Gemma 3 270M,16,0,2.9013333333333335,0.08602597713470458
gemma3_270m_all_legal_moves_v4,270m,Gemma 3 270M,16,0,2.912,0.11792632341384887
gemma3_270m_all_legal_moves_v4,270m,Gemma 3 270M,16,0,2.9226666666666667,0.11390031576156616
gemma3_270m_all_legal_moves_v4,270m,Gemma 3 270M,16,0,2.9333333333333336,0.09897438883781433
gemma3_270m_all_legal_moves_v4,270m,Gemma 3 270M,16,0,2.944,0.09658734202384948
gemma3_270m_all_legal_moves_v4,270m,Gemma 3 270M,16,0,2.9546666666666668,0.08249586224555969
gemma3_270m_all_legal_moves_v4,270m,Gemma 3 270M,16,0,2.9653333333333336,0.09301442503929139
gemma3_270m_all_legal_moves_v4,270m,Gemma 3 270M,16,0,2.976,0.11348119974136353
gemma3_270m_all_legal_moves_v4,270m,Gemma 3 270M,16,0,2.986666666666667,0.10636792182922364
gemma3_270m_all_legal_moves_v4,270m,Gemma 3 270M,16,0,2.997333333333333,0.10352149009704589
gemma3_270m_all_legal_moves_v4,270m,Gemma 3 270M,16,0,3.008,0.08276130557060242
gemma3_270m_all_legal_moves_v4,270m,Gemma 3 270M,16,0,3.018666666666667,0.07070226669311523
gemma3_270m_all_legal_moves_v4,270m,Gemma 3 270M,16,0,3.029333333333333,0.07481696009635926
gemma3_270m_all_legal_moves_v4,270m,Gemma 3 270M,16,0,3.04,0.0877939760684967
gemma3_270m_all_legal_moves_v4,270m,Gemma 3 270M,16,0,3.050666666666667,0.10267064571380616
gemma3_270m_all_legal_moves_v4,270m,Gemma 3 270M,16,0,3.0613333333333332,0.08479594588279724
gemma3_270m_all_legal_moves_v4,270m,Gemma 3 270M,16,0,3.072,0.07306548953056335
gemma3_270m_all_legal_moves_v4,270m,Gemma 3 270M,16,0,3.0826666666666664,0.07054920792579651
gemma3_270m_all_legal_moves_v4,270m,Gemma 3 270M,16,0,3.0933333333333333,0.0707230269908905
gemma3_270m_all_legal_moves_v4,270m,Gemma 3 270M,16,0,3.104,0.07388226389884948
gemma3_270m_all_legal_moves_v4,270m,Gemma 3 270M,16,0,3.1146666666666665,0.07422664165496826
gemma3_270m_all_legal_moves_v4,270m,Gemma 3 270M,16,0,3.1253333333333333,0.0882460594177246
gemma3_270m_all_legal_moves_v4,270m,Gemma 3 270M,16,0,3.136,0.08963027000427246
gemma3_270m_all_legal_moves_v4,270m,Gemma 3 270M,16,0,3.1466666666666665,0.09033908247947693
gemma3_270m_all_legal_moves_v4,270m,Gemma 3 270M,16,0,3.1573333333333333,0.07661200761795044
gemma3_270m_all_legal_moves_v4,270m,Gemma 3 270M,16,0,3.168,0.07441747784614564
gemma3_270m_all_legal_moves_v4,270m,Gemma 3 270M,16,0,3.1786666666666665,0.0696514368057251
gemma3_270m_all_legal_moves_v4,270m,Gemma 3 270M,16,0,3.1893333333333334,0.06849244236946106
gemma3_270m_all_legal_moves_v4,270m,Gemma 3 270M,16,0,3.2,0.07256045341491699
gemma3_270m_all_legal_moves_v4,270m,Gemma 3 270M,16,0,3.2106666666666666,0.07156174778938293
gemma3_270m_all_legal_moves_v4,270m,Gemma 3 270M,16,0,3.2213333333333334,0.07176761627197266
gemma3_270m_all_legal_moves_v4,270m,Gemma 3 270M,16,0,3.232,0.07133615612983704
gemma3_270m_all_legal_moves_v4,270m,Gemma 3 270M,16,0,3.2426666666666666,0.0875149428844452
gemma3_270m_all_legal_moves_v4,270m,Gemma 3 270M,16,0,3.2533333333333334,0.0936821460723877
gemma3_270m_all_legal_moves_v4,270m,Gemma 3 270M,16,0,3.2640000000000002,0.08967177271842956
gemma3_270m_all_legal_moves_v4,270m,Gemma 3 270M,16,0,3.2746666666666666,0.08516122102737426
gemma3_270m_all_legal_moves_v4,270m,Gemma 3 270M,16,0,3.2853333333333334,0.07391927242279053
gemma3_270m_all_legal_moves_v4,270m,Gemma 3 270M,16,0,3.296,0.07279132604598999
gemma3_270m_all_legal_moves_v4,270m,Gemma 3 270M,16,0,3.3066666666666666,0.06995566487312317
gemma3_270m_all_legal_moves_v4,270m,Gemma 3 270M,16,0,3.3173333333333335,0.07101095914840698
gemma3_270m_all_legal_moves_v4,270m,Gemma 3 270M,16,0,3.328,0.06940213441848755
gemma3_270m_all_legal_moves_v4,270m,Gemma 3 270M,16,0,3.3386666666666667,0.07170518040657044
gemma3_270m_all_legal_moves_v4,270m,Gemma 3 270M,16,0,3.3493333333333335,0.07070167660713196
gemma3_270m_all_legal_moves_v4,270m,Gemma 3 270M,16,0,3.36,0.06978908777236939
gemma3_270m_all_legal_moves_v4,270m,Gemma 3 270M,16,0,3.3706666666666667,0.0706072986125946
gemma3_270m_all_legal_moves_v4,270m,Gemma 3 270M,16,0,3.3813333333333335,0.07045974135398865
gemma3_270m_all_legal_moves_v4,270m,Gemma 3 270M,16,0,3.392,0.08322548270225524
gemma3_270m_all_legal_moves_v4,270m,Gemma 3 270M,16,0,3.4026666666666667,0.09040407538414001
gemma3_270m_all_legal_moves_v4,270m,Gemma 3 270M,16,0,3.413333333333333,0.09563297629356385
gemma3_270m_all_legal_moves_v4,270m,Gemma 3 270M,16,0,3.424,0.08735881447792053
gemma3_270m_all_legal_moves_v4,270m,Gemma 3 270M,16,0,3.4346666666666668,0.07783847451210021
gemma3_270m_all_legal_moves_v4,270m,Gemma 3 270M,16,0,3.445333333333333,0.07185865640640259
gemma3_270m_all_legal_moves_v4,270m,Gemma 3 270M,16,0,3.456,0.06843218803405762
gemma3_270m_all_legal_moves_v4,270m,Gemma 3 270M,16,0,3.466666666666667,0.06631161570549012
gemma3_270m_all_legal_moves_v4,270m,Gemma 3 270M,16,0,3.477333333333333,0.06603162884712219
gemma3_270m_all_legal_moves_v4,270m,Gemma 3 270M,16,0,3.488,0.06733511090278625
gemma3_270m_all_legal_moves_v4,270m,Gemma 3 270M,16,0,3.498666666666667,0.06779587268829346
gemma3_270m_all_legal_moves_v4,270m,Gemma 3 270M,16,0,3.509333333333333,0.07037405371665954
gemma3_270m_all_legal_moves_v4,270m,Gemma 3 270M,16,0,3.52,0.07236257791519166
gemma3_270m_all_legal_moves_v4,270m,Gemma 3 270M,16,0,3.530666666666667,0.06640725135803223
gemma3_270m_all_legal_moves_v4,270m,Gemma 3 270M,16,0,3.541333333333333,0.07303645610809326
gemma3_270m_all_legal_moves_v4,270m,Gemma 3 270M,16,0,3.552,0.09408254623413086
gemma3_270m_all_legal_moves_v4,270m,Gemma 3 270M,16,0,3.562666666666667,0.0890913188457489
gemma3_270m_all_legal_moves_v4,270m,Gemma 3 270M,16,0,3.5733333333333333,0.09638132452964783
gemma3_270m_all_legal_moves_v4,270m,Gemma 3 270M,16,0,3.584,0.0774152934551239
gemma3_270m_all_legal_moves_v4,270m,Gemma 3 270M,16,0,3.594666666666667,0.07079651951789856
gemma3_270m_all_legal_moves_v4,270m,Gemma 3 270M,16,0,3.6053333333333333,0.07094495892524719
gemma3_270m_all_legal_moves_v4,270m,Gemma 3 270M,16,0,3.616,0.07003403902053833
gemma3_270m_all_legal_moves_v4,270m,Gemma 3 270M,16,0,3.626666666666667,0.06799569129943847
gemma3_270m_all_legal_moves_v4,270m,Gemma 3 270M,16,0,3.6373333333333333,0.06645405888557435
gemma3_270m_all_legal_moves_v4,270m,Gemma 3 270M,16,0,3.648,0.07237409353256226
gemma3_270m_all_legal_moves_v4,270m,Gemma 3 270M,16,0,3.6586666666666665,0.06765722036361695
gemma3_270m_all_legal_moves_v4,270m,Gemma 3 270M,16,0,3.6693333333333333,0.06967619061470032
gemma3_270m_all_legal_moves_v4,270m,Gemma 3 270M,16,0,3.68,0.06820900440216064
gemma3_270m_all_legal_moves_v4,270m,Gemma 3 270M,16,0,3.6906666666666665,0.07671431303024293
gemma3_270m_all_legal_moves_v4,270m,Gemma 3 270M,16,0,3.7013333333333334,0.09219377636909484
gemma3_270m_all_legal_moves_v4,270m,Gemma 3 270M,16,0,3.7119999999999997,0.0932407557964325
gemma3_270m_all_legal_moves_v4,270m,Gemma 3 270M,16,0,3.7226666666666666,0.0922204613685608
gemma3_270m_all_legal_moves_v4,270m,Gemma 3 270M,16,0,3.7333333333333334,0.07727988362312317
gemma3_270m_all_legal_moves_v4,270m,Gemma 3 270M,16,0,3.7439999999999998,0.07139795422554016
gemma3_270m_all_legal_moves_v4,270m,Gemma 3 270M,16,0,3.7546666666666666,0.06832667589187622
gemma3_270m_all_legal_moves_v4,270m,Gemma 3 270M,16,0,3.7653333333333334,0.06582270860671997
gemma3_270m_all_legal_moves_v4,270m,Gemma 3 270M,16,0,3.776,0.06832098960876465
gemma3_270m_all_legal_moves_v4,270m,Gemma 3 270M,16,0,3.7866666666666666,0.0640076994895935
gemma3_270m_all_legal_moves_v4,270m,Gemma 3 270M,16,0,3.7973333333333334,0.06611775159835816
gemma3_270m_all_legal_moves_v4,270m,Gemma 3 270M,16,0,3.808,0.06794061064720154
gemma3_270m_all_legal_moves_v4,270m,Gemma 3 270M,16,0,3.8186666666666667,0.09677575826644898
gemma3_270m_all_legal_moves_v4,270m,Gemma 3 270M,16,0,3.8293333333333335,0.09901430010795594
gemma3_270m_all_legal_moves_v4,270m,Gemma 3 270M,16,0,3.84,0.09321293830871583
gemma3_270m_all_legal_moves_v4,270m,Gemma 3 270M,16,0,3.8506666666666667,0.06995167136192322
gemma3_270m_all_legal_moves_v4,270m,Gemma 3 270M,16,0,3.8613333333333335,0.08105988502502441
gemma3_270m_all_legal_moves_v4,270m,Gemma 3 270M,16,0,3.872,0.06441977024078369
gemma3_270m_all_legal_moves_v4,270m,Gemma 3 270M,16,0,3.8826666666666667,0.06725627779960633
gemma3_270m_all_legal_moves_v4,270m,Gemma 3 270M,16,0,3.8933333333333335,0.06639893651008606
gemma3_270m_all_legal_moves_v4,270m,Gemma 3 270M,16,0,3.904,0.08002703189849854
gemma3_270m_all_legal_moves_v4,270m,Gemma 3 270M,16,0,3.9146666666666667,0.09557207226753235
gemma3_270m_all_legal_moves_v4,270m,Gemma 3 270M,16,0,3.9253333333333336,0.08499007225036621
gemma3_270m_all_legal_moves_v4,270m,Gemma 3 270M,16,0,3.936,0.08306794762611389
gemma3_270m_all_legal_moves_v4,270m,Gemma 3 270M,16,0,3.9466666666666668,0.07528932094573974
gemma3_270m_all_legal_moves_v4,270m,Gemma 3 270M,16,0,3.9573333333333336,0.06381970047950744
gemma3_270m_all_legal_moves_v4,270m,Gemma 3 270M,16,0,3.968,0.08348042964935302
gemma3_270m_all_legal_moves_v4,270m,Gemma 3 270M,16,0,3.978666666666667,0.0839970588684082
gemma3_270m_all_legal_moves_v4,270m,Gemma 3 270M,16,0,3.989333333333333,0.09334495663642883
gemma3_270m_all_legal_moves_v4,270m,Gemma 3 270M,16,0,4.0,0.08691713809967042
gemma3_270m_all_legal_moves_v4,270m,Gemma 3 270M,16,0,4.010666666666666,0.056228601932525636
gemma3_270m_all_legal_moves_v4,270m,Gemma 3 270M,16,0,4.021333333333334,0.05829310417175293
gemma3_270m_all_legal_moves_v4,270m,Gemma 3 270M,16,0,4.032,0.0586367666721344
gemma3_270m_all_legal_moves_v4,270m,Gemma 3 270M,16,0,4.042666666666666,0.07691830396652222
gemma3_270m_all_legal_moves_v4,270m,Gemma 3 270M,16,0,4.053333333333334,0.08449849486351013
gemma3_270m_all_legal_moves_v4,270m,Gemma 3 270M,16,0,4.064,0.06286431550979614
gemma3_270m_all_legal_moves_v4,270m,Gemma 3 270M,16,0,4.074666666666666,0.058986705541610715
gemma3_270m_all_legal_moves_v4,270m,Gemma 3 270M,16,0,4.085333333333334,0.055835217237472534
gemma3_270m_all_legal_moves_v4,270m,Gemma 3 270M,16,0,4.096,0.05773952007293701
gemma3_270m_all_legal_moves_v4,270m,Gemma 3 270M,16,0,4.1066666666666665,0.06056596636772156
gemma3_270m_all_legal_moves_v4,270m,Gemma 3 270M,16,0,4.117333333333334,0.05841779708862305
gemma3_270m_all_legal_moves_v4,270m,Gemma 3 270M,16,0,4.128,0.07633292078971862
gemma3_270m_all_legal_moves_v4,270m,Gemma 3 270M,16,0,4.1386666666666665,0.07518119215965272
gemma3_270m_all_legal_moves_v4,270m,Gemma 3 270M,16,0,4.149333333333334,0.07107356786727906
gemma3_270m_all_legal_moves_v4,270m,Gemma 3 270M,16,0,4.16,0.061728090047836304
gemma3_270m_all_legal_moves_v4,270m,Gemma 3 270M,16,0,4.1706666666666665,0.06041367650032044
gemma3_270m_all_legal_moves_v4,270m,Gemma 3 270M,16,0,4.181333333333333,0.05504317283630371
gemma3_270m_all_legal_moves_v4,270m,Gemma 3 270M,16,0,4.192,0.056247806549072264
gemma3_270m_all_legal_moves_v4,270m,Gemma 3 270M,16,0,4.2026666666666666,0.05999921560287476
gemma3_270m_all_legal_moves_v4,270m,Gemma 3 270M,16,0,4.213333333333333,0.057973194122314456
gemma3_270m_all_legal_moves_v4,270m,Gemma 3 270M,16,0,4.224,0.059310758113861085
gemma3_270m_all_legal_moves_v4,270m,Gemma 3 270M,16,0,4.234666666666667,0.05820413827896118
gemma3_270m_all_legal_moves_v4,270m,Gemma 3 270M,16,0,4.245333333333333,0.07875193357467651
gemma3_270m_all_legal_moves_v4,270m,Gemma 3 270M,16,0,4.256,0.07481582760810852
gemma3_270m_all_legal_moves_v4,270m,Gemma 3 270M,16,0,4.266666666666667,0.07229710817337036
gemma3_270m_all_legal_moves_v4,270m,Gemma 3 270M,16,0,4.277333333333333,0.06738454103469849
gemma3_270m_all_legal_moves_v4,270m,Gemma 3 270M,16,0,4.288,0.05837920308113098
gemma3_270m_all_legal_moves_v4,270m,Gemma 3 270M,16,0,4.298666666666667,0.06054051518440247
gemma3_270m_all_legal_moves_v4,270m,Gemma 3 270M,16,0,4.309333333333333,0.05832526683807373
gemma3_270m_all_legal_moves_v4,270m,Gemma 3 270M,16,0,4.32,0.05699737668037415
gemma3_270m_all_legal_moves_v4,270m,Gemma 3 270M,16,0,4.330666666666667,0.058958029747009276
gemma3_270m_all_legal_moves_v4,270m,Gemma 3 270M,16,0,4.341333333333333,0.05845801830291748
gemma3_270m_all_legal_moves_v4,270m,Gemma 3 270M,16,0,4.352,0.05825382471084595
gemma3_270m_all_legal_moves_v4,270m,Gemma 3 270M,16,0,4.362666666666667,0.05763272643089294
gemma3_270m_all_legal_moves_v4,270m,Gemma 3 270M,16,0,4.373333333333333,0.05690039992332459
gemma3_270m_all_legal_moves_v4,270m,Gemma 3 270M,16,0,4.384,0.060020720958709715
gemma3_270m_all_legal_moves_v4,270m,Gemma 3 270M,16,0,4.394666666666667,0.07310516238212586
gemma3_270m_all_legal_moves_v4,270m,Gemma 3 270M,16,0,4.405333333333333,0.0770729660987854
gemma3_270m_all_legal_moves_v4,270m,Gemma 3 270M,16,0,4.416,0.07678641080856323
gemma3_270m_all_legal_moves_v4,270m,Gemma 3 270M,16,0,4.426666666666667,0.06990423202514648
gemma3_270m_all_legal_moves_v4,270m,Gemma 3 270M,16,0,4.437333333333333,0.06196527481079102
gemma3_270m_all_legal_moves_v4,270m,Gemma 3 270M,16,0,4.448,0.05979318022727966
gemma3_270m_all_legal_moves_v4,270m,Gemma 3 270M,16,0,4.458666666666667,0.05697298049926758
gemma3_270m_all_legal_moves_v4,270m,Gemma 3 270M,16,0,4.469333333333333,0.05492640733718872
gemma3_270m_all_legal_moves_v4,270m,Gemma 3 270M,16,0,4.48,0.05475255846977234
gemma3_270m_all_legal_moves_v4,270m,Gemma 3 270M,16,0,4.490666666666667,0.0560835599899292
gemma3_270m_all_legal_moves_v4,270m,Gemma 3 270M,16,0,4.501333333333333,0.05484439134597778
gemma3_270m_all_legal_moves_v4,270m,Gemma 3 270M,16,0,4.5120000000000005,0.059497368335723874
gemma3_270m_all_legal_moves_v4,270m,Gemma 3 270M,16,0,4.522666666666667,0.05835268497467041
gemma3_270m_all_legal_moves_v4,270m,Gemma 3 270M,16,0,4.533333333333333,0.056429076194763186
gemma3_270m_all_legal_moves_v4,270m,Gemma 3 270M,16,0,4.5440000000000005,0.06986918449401855
gemma3_270m_all_legal_moves_v4,270m,Gemma 3 270M,16,0,4.554666666666667,0.07652852535247803
gemma3_270m_all_legal_moves_v4,270m,Gemma 3 270M,16,0,4.565333333333333,0.07545894384384155
gemma3_270m_all_legal_moves_v4,270m,Gemma 3 270M,16,0,4.576,0.07911950945854188
gemma3_270m_all_legal_moves_v4,270m,Gemma 3 270M,16,0,4.586666666666667,0.05918201804161072
gemma3_270m_all_legal_moves_v4,270m,Gemma 3 270M,16,0,4.597333333333333,0.05897635817527771
gemma3_270m_all_legal_moves_v4,270m,Gemma 3 270M,16,0,4.608,0.060575342178344725
gemma3_270m_all_legal_moves_v4,270m,Gemma 3 270M,16,0,4.618666666666667,0.058290892839431764
gemma3_270m_all_legal_moves_v4,270m,Gemma 3 270M,16,0,4.629333333333333,0.05652028918266296
gemma3_270m_all_legal_moves_v4,270m,Gemma 3 270M,16,0,4.64,0.05899275541305542
gemma3_270m_all_legal_moves_v4,270m,Gemma 3 270M,16,0,4.650666666666667,0.05886501669883728
gemma3_270m_all_legal_moves_v4,270m,Gemma 3 270M,16,0,4.661333333333333,0.05835976600646973
gemma3_270m_all_legal_moves_v4,270m,Gemma 3 270M,16,0,4.672,0.057944869995117186
gemma3_270m_all_legal_moves_v4,270m,Gemma 3 270M,16,0,4.682666666666667,0.05714726448059082
gemma3_270m_all_legal_moves_v4,270m,Gemma 3 270M,16,0,4.693333333333333,0.06938133835792541
gemma3_270m_all_legal_moves_v4,270m,Gemma 3 270M,16,0,4.704,0.07723073363304138
gemma3_270m_all_legal_moves_v4,270m,Gemma 3 270M,16,0,4.714666666666667,0.07927325963974
gemma3_270m_all_legal_moves_v4,270m,Gemma 3 270M,16,0,4.725333333333333,0.0752301573753357
gemma3_270m_all_legal_moves_v4,270m,Gemma 3 270M,16,0,4.736,0.05986180305480957
gemma3_270m_all_legal_moves_v4,270m,Gemma 3 270M,16,0,4.746666666666667,0.059454089403152464
gemma3_270m_all_legal_moves_v4,270m,Gemma 3 270M,16,0,4.757333333333333,0.05755123496055603
gemma3_270m_all_legal_moves_v4,270m,Gemma 3 270M,16,0,4.768,0.057297629117965695
gemma3_270m_all_legal_moves_v4,270m,Gemma 3 270M,16,0,4.778666666666666,0.05679005980491638
gemma3_270m_all_legal_moves_v4,270m,Gemma 3 270M,16,0,4.789333333333333,0.05518046021461487
gemma3_270m_all_legal_moves_v4,270m,Gemma 3 270M,16,0,4.8,0.056820476055145265
gemma3_270m_all_legal_moves_v4,270m,Gemma 3 270M,16,0,4.810666666666666,0.06362935304641723
gemma3_270m_all_legal_moves_v4,270m,Gemma 3 270M,16,0,4.8213333333333335,0.08361310362815857
gemma3_270m_all_legal_moves_v4,270m,Gemma 3 270M,16,0,4.832,0.08412116765975952
gemma3_270m_all_legal_moves_v4,270m,Gemma 3 270M,16,0,4.842666666666666,0.0721963107585907
gemma3_270m_all_legal_moves_v4,270m,Gemma 3 270M,16,0,4.8533333333333335,0.060119032859802246
gemma3_270m_all_legal_moves_v4,270m,Gemma 3 270M,16,0,4.864,0.06598867177963257
gemma3_270m_all_legal_moves_v4,270m,Gemma 3 270M,16,0,4.874666666666666,0.0545842707157135
gemma3_270m_all_legal_moves_v4,270m,Gemma 3 270M,16,0,4.8853333333333335,0.05747992396354675
gemma3_270m_all_legal_moves_v4,270m,Gemma 3 270M,16,0,4.896,0.05866562128067017
gemma3_270m_all_legal_moves_v4,270m,Gemma 3 270M,16,0,4.906666666666666,0.07454469203948974
gemma3_270m_all_legal_moves_v4,270m,Gemma 3 270M,16,0,4.917333333333334,0.08138306736946106
gemma3_270m_all_legal_moves_v4,270m,Gemma 3 270M,16,0,4.928,0.06485342979431152
gemma3_270m_all_legal_moves_v4,270m,Gemma 3 270M,16,0,4.938666666666666,0.07432802319526673
gemma3_270m_all_legal_moves_v4,270m,Gemma 3 270M,16,0,4.949333333333334,0.059310382604599
gemma3_270m_all_legal_moves_v4,270m,Gemma 3 270M,16,0,4.96,0.05642521381378174
gemma3_270m_all_legal_moves_v4,270m,Gemma 3 270M,16,0,4.970666666666666,0.0747255563735962
gemma3_270m_all_legal_moves_v4,270m,Gemma 3 270M,16,0,4.981333333333334,0.06971731185913085
gemma3_270m_all_legal_moves_v4,270m,Gemma 3 270M,16,0,4.992,0.08059774041175842
gemma3_270m_all_legal_moves_v3,270m,Gemma 3 270M,32,0,0.010666666666666666,1.536545753479004
gemma3_270m_all_legal_moves_v3,270m,Gemma 3 270M,32,0,0.021333333333333333,0.9664206504821777
gemma3_270m_all_legal_moves_v3,270m,Gemma 3 270M,32,0,0.032,0.7656137943267822
gemma3_270m_all_legal_moves_v3,270m,Gemma 3 270M,32,0,0.042666666666666665,0.6927849769592285
gemma3_270m_all_legal_moves_v3,270m,Gemma 3 270M,32,0,0.05333333333333334,0.6460949420928955
gemma3_270m_all_legal_moves_v3,270m,Gemma 3 270M,32,0,0.064,0.53404860496521
gemma3_270m_all_legal_moves_v3,270m,Gemma 3 270M,32,0,0.07466666666666667,0.47511634826660154
gemma3_270m_all_legal_moves_v3,270m,Gemma 3 270M,32,0,0.08533333333333333,0.4400146961212158
gemma3_270m_all_legal_moves_v3,270m,Gemma 3 270M,32,0,0.096,0.4457708835601807
gemma3_270m_all_legal_moves_v3,270m,Gemma 3 270M,32,0,0.10666666666666667,0.4245504856109619
gemma3_270m_all_legal_moves_v3,270m,Gemma 3 270M,32,0,0.11733333333333333,0.4068584442138672
gemma3_270m_all_legal_moves_v3,270m,Gemma 3 270M,32,0,0.128,0.46673736572265623
gemma3_270m_all_legal_moves_v3,270m,Gemma 3 270M,32,0,0.13866666666666666,0.44135117530822754
gemma3_270m_all_legal_moves_v3,270m,Gemma 3 270M,32,0,0.14933333333333335,0.42598581314086914
gemma3_270m_all_legal_moves_v3,270m,Gemma 3 270M,32,0,0.16,0.3837546110153198
gemma3_270m_all_legal_moves_v3,270m,Gemma 3 270M,32,0,0.17066666666666666,0.36431112289428713
gemma3_270m_all_legal_moves_v3,270m,Gemma 3 270M,32,0,0.18133333333333335,0.34580650329589846
gemma3_270m_all_legal_moves_v3,270m,Gemma 3 270M,32,0,0.192,0.34511141777038573
gemma3_270m_all_legal_moves_v3,270m,Gemma 3 270M,32,0,0.20266666666666666,0.34864063262939454
gemma3_270m_all_legal_moves_v3,270m,Gemma 3 270M,32,0,0.21333333333333335,0.3310859680175781
gemma3_270m_all_legal_moves_v3,270m,Gemma 3 270M,32,0,0.224,0.326411509513855
gemma3_270m_all_legal_moves_v3,270m,Gemma 3 270M,32,0,0.23466666666666666,0.3195234537124634
gemma3_270m_all_legal_moves_v3,270m,Gemma 3 270M,32,0,0.24533333333333332,0.4030601501464844
gemma3_270m_all_legal_moves_v3,270m,Gemma 3 270M,32,0,0.256,0.3718196630477905
gemma3_270m_all_legal_moves_v3,270m,Gemma 3 270M,32,0,0.26666666666666666,0.35963714122772217
gemma3_270m_all_legal_moves_v3,270m,Gemma 3 270M,32,0,0.2773333333333333,0.3367495059967041
gemma3_270m_all_legal_moves_v3,270m,Gemma 3 270M,32,0,0.288,0.3082171201705933
gemma3_270m_all_legal_moves_v3,270m,Gemma 3 270M,32,0,0.2986666666666667,0.303824257850647
gemma3_270m_all_legal_moves_v3,270m,Gemma 3 270M,32,0,0.30933333333333335,0.29864399433135985
gemma3_270m_all_legal_moves_v3,270m,Gemma 3 270M,32,0,0.32,0.2943312406539917
gemma3_270m_all_legal_moves_v3,270m,Gemma 3 270M,32,0,0.33066666666666666,0.2956353425979614
gemma3_270m_all_legal_moves_v3,270m,Gemma 3 270M,32,0,0.3413333333333333,0.29875037670135496
gemma3_270m_all_legal_moves_v3,270m,Gemma 3 270M,32,0,0.352,0.2874937057495117
gemma3_270m_all_legal_moves_v3,270m,Gemma 3 270M,32,0,0.3626666666666667,0.28952875137329104
gemma3_270m_all_legal_moves_v3,270m,Gemma 3 270M,32,0,0.37333333333333335,0.2820261240005493
gemma3_270m_all_legal_moves_v3,270m,Gemma 3 270M,32,0,0.384,0.2842817783355713
gemma3_270m_all_legal_moves_v3,270m,Gemma 3 270M,32,0,0.39466666666666667,0.34125943183898927
gemma3_270m_all_legal_moves_v3,270m,Gemma 3 270M,32,0,0.4053333333333333,0.33826138973236086
gemma3_270m_all_legal_moves_v3,270m,Gemma 3 270M,32,0,0.416,0.33979310989379885
gemma3_270m_all_legal_moves_v3,270m,Gemma 3 270M,32,0,0.4266666666666667,0.32399625778198243
gemma3_270m_all_legal_moves_v3,270m,Gemma 3 270M,32,0,0.43733333333333335,0.28515067100524905
gemma3_270m_all_legal_moves_v3,270m,Gemma 3 270M,32,0,0.448,0.28075082302093507
gemma3_270m_all_legal_moves_v3,270m,Gemma 3 270M,32,0,0.45866666666666667,0.26712489128112793
gemma3_270m_all_legal_moves_v3,270m,Gemma 3 270M,32,0,0.4693333333333333,0.2564626932144165
gemma3_270m_all_legal_moves_v3,270m,Gemma 3 270M,32,0,0.48,0.25947353839874265
gemma3_270m_all_legal_moves_v3,270m,Gemma 3 270M,32,0,0.49066666666666664,0.26268949508666994
gemma3_270m_all_legal_moves_v3,270m,Gemma 3 270M,32,0,0.5013333333333333,0.2538163423538208
gemma3_270m_all_legal_moves_v3,270m,Gemma 3 270M,32,0,0.512,0.2547998666763306
gemma3_270m_all_legal_moves_v3,270m,Gemma 3 270M,32,0,0.5226666666666666,0.24824771881103516
gemma3_270m_all_legal_moves_v3,270m,Gemma 3 270M,32,0,0.5333333333333333,0.2386028289794922
gemma3_270m_all_legal_moves_v3,270m,Gemma 3 270M,32,0,0.544,0.27544116973876953
gemma3_270m_all_legal_moves_v3,270m,Gemma 3 270M,32,0,0.5546666666666666,0.29184956550598146
gemma3_270m_all_legal_moves_v3,270m,Gemma 3 270M,32,0,0.5653333333333334,0.2811607837677002
gemma3_270m_all_legal_moves_v3,270m,Gemma 3 270M,32,0,0.576,0.2797684192657471
gemma3_270m_all_legal_moves_v3,270m,Gemma 3 270M,32,0,0.5866666666666667,0.24120757579803467
gemma3_270m_all_legal_moves_v3,270m,Gemma 3 270M,32,0,0.5973333333333334,0.2239609718322754
gemma3_270m_all_legal_moves_v3,270m,Gemma 3 270M,32,0,0.608,0.2166738748550415
gemma3_270m_all_legal_moves_v3,270m,Gemma 3 270M,32,0,0.6186666666666667,0.20640053749084472
gemma3_270m_all_legal_moves_v3,270m,Gemma 3 270M,32,0,0.6293333333333333,0.20075950622558594
gemma3_270m_all_legal_moves_v3,270m,Gemma 3 270M,32,0,0.64,0.20924184322357178
gemma3_270m_all_legal_moves_v3,270m,Gemma 3 270M,32,0,0.6506666666666666,0.20727765560150146
gemma3_270m_all_legal_moves_v3,270m,Gemma 3 270M,32,0,0.6613333333333333,0.20451388359069825
gemma3_270m_all_legal_moves_v3,270m,Gemma 3 270M,32,0,0.672,0.19747662544250488
gemma3_270m_all_legal_moves_v3,270m,Gemma 3 270M,32,0,0.6826666666666666,0.19339295625686645
gemma3_270m_all_legal_moves_v3,270m,Gemma 3 270M,32,0,0.6933333333333334,0.21897757053375244
gemma3_270m_all_legal_moves_v3,270m,Gemma 3 270M,32,0,0.704,0.23230619430541993
gemma3_270m_all_legal_moves_v3,270m,Gemma 3 270M,32,0,0.7146666666666667,0.22913622856140137
gemma3_270m_all_legal_moves_v3,270m,Gemma 3 270M,32,0,0.7253333333333334,0.22120778560638427
gemma3_270m_all_legal_moves_v3,270m,Gemma 3 270M,32,0,0.736,0.19869340658187867
gemma3_270m_all_legal_moves_v3,270m,Gemma 3 270M,32,0,0.7466666666666667,0.18168619871139527
gemma3_270m_all_legal_moves_v3,270m,Gemma 3 270M,32,0,0.7573333333333333,0.17315014600753784
gemma3_270m_all_legal_moves_v3,270m,Gemma 3 270M,32,0,0.768,0.16953202486038207
gemma3_270m_all_legal_moves_v3,270m,Gemma 3 270M,32,0,0.7786666666666666,0.17536816596984864
gemma3_270m_all_legal_moves_v3,270m,Gemma 3 270M,32,0,0.7893333333333333,0.17048636674880982
gemma3_270m_all_legal_moves_v3,270m,Gemma 3 270M,32,0,0.8,0.1701635956764221
gemma3_270m_all_legal_moves_v3,270m,Gemma 3 270M,32,0,0.8106666666666666,0.17934272289276124
gemma3_270m_all_legal_moves_v3,270m,Gemma 3 270M,32,0,0.8213333333333334,0.2133802890777588
gemma3_270m_all_legal_moves_v3,270m,Gemma 3 270M,32,0,0.832,0.21481029987335204
gemma3_270m_all_legal_moves_v3,270m,Gemma 3 270M,32,0,0.8426666666666667,0.20102200508117676
gemma3_270m_all_legal_moves_v3,270m,Gemma 3 270M,32,0,0.8533333333333334,0.17697362899780272
gemma3_270m_all_legal_moves_v3,270m,Gemma 3 270M,32,0,0.864,0.18016335964202881
gemma3_270m_all_legal_moves_v3,270m,Gemma 3 270M,32,0,0.8746666666666667,0.15422041416168214
gemma3_270m_all_legal_moves_v3,270m,Gemma 3 270M,32,0,0.8853333333333333,0.16380571126937865
gemma3_270m_all_legal_moves_v3,270m,Gemma 3 270M,32,0,0.896,0.1601218104362488
gemma3_270m_all_legal_moves_v3,270m,Gemma 3 270M,32,0,0.9066666666666666,0.1842808246612549
gemma3_270m_all_legal_moves_v3,270m,Gemma 3 270M,32,0,0.9173333333333333,0.19877020120620728
gemma3_270m_all_legal_moves_v3,270m,Gemma 3 270M,32,0,0.928,0.17696406841278076
gemma3_270m_all_legal_moves_v3,270m,Gemma 3 270M,32,0,0.9386666666666666,0.1856042265892029
gemma3_270m_all_legal_moves_v3,270m,Gemma 3 270M,32,0,0.9493333333333334,0.16248149871826173
gemma3_270m_all_legal_moves_v3,270m,Gemma 3 270M,32,0,0.96,0.15191639661788942
gemma3_270m_all_legal_moves_v3,270m,Gemma 3 270M,32,0,0.9706666666666667,0.17935935258865357
gemma3_270m_all_legal_moves_v3,270m,Gemma 3 270M,32,0,0.9813333333333333,0.1762450098991394
gemma3_270m_all_legal_moves_v3,270m,Gemma 3 270M,32,0,0.992,0.1918414831161499
gemma3_270m_all_legal_moves_v3,270m,Gemma 3 270M,32,0,1.0026666666666666,0.17052325010299682
gemma3_270m_all_legal_moves_v3,270m,Gemma 3 270M,32,0,1.0133333333333334,0.1287733793258667
gemma3_270m_all_legal_moves_v3,270m,Gemma 3 270M,32,0,1.024,0.13548588752746582
gemma3_270m_all_legal_moves_v3,270m,Gemma 3 270M,32,0,1.0346666666666666,0.1383518695831299
gemma3_270m_all_legal_moves_v3,270m,Gemma 3 270M,32,0,1.0453333333333332,0.1643560767173767
gemma3_270m_all_legal_moves_v3,270m,Gemma 3 270M,32,0,1.056,0.17007217407226563
gemma3_270m_all_legal_moves_v3,270m,Gemma 3 270M,32,0,1.0666666666666667,0.1314540386199951
gemma3_270m_all_legal_moves_v3,270m,Gemma 3 270M,32,0,1.0773333333333333,0.12316681146621704
gemma3_270m_all_legal_moves_v3,270m,Gemma 3 270M,32,0,1.088,0.12268508672714233
gemma3_270m_all_legal_moves_v3,270m,Gemma 3 270M,32,0,1.0986666666666667,0.12858368158340455
gemma3_270m_all_legal_moves_v3,270m,Gemma 3 270M,32,0,1.1093333333333333,0.1306894302368164
gemma3_270m_all_legal_moves_v3,270m,Gemma 3 270M,32,0,1.12,0.13187175989151
gemma3_270m_all_legal_moves_v3,270m,Gemma 3 270M,32,0,1.1306666666666667,0.15148941278457642
gemma3_270m_all_legal_moves_v3,270m,Gemma 3 270M,32,0,1.1413333333333333,0.14784013032913207
gemma3_270m_all_legal_moves_v3,270m,Gemma 3 270M,32,0,1.152,0.14655965566635132
gemma3_270m_all_legal_moves_v3,270m,Gemma 3 270M,32,0,1.1626666666666667,0.12275663614273072
gemma3_270m_all_legal_moves_v3,270m,Gemma 3 270M,32,0,1.1733333333333333,0.1170851707458496
gemma3_270m_all_legal_moves_v3,270m,Gemma 3 270M,32,0,1.184,0.11708507537841797
gemma3_270m_all_legal_moves_v3,270m,Gemma 3 270M,32,0,1.1946666666666665,0.11848139762878418
gemma3_270m_all_legal_moves_v3,270m,Gemma 3 270M,32,0,1.2053333333333334,0.12228548526763916
gemma3_270m_all_legal_moves_v3,270m,Gemma 3 270M,32,0,1.216,0.11478492021560668
gemma3_270m_all_legal_moves_v3,270m,Gemma 3 270M,32,0,1.2266666666666666,0.11497608423233033
gemma3_270m_all_legal_moves_v3,270m,Gemma 3 270M,32,0,1.2373333333333334,0.12316458225250244
gemma3_270m_all_legal_moves_v3,270m,Gemma 3 270M,32,0,1.248,0.14280647039413452
gemma3_270m_all_legal_moves_v3,270m,Gemma 3 270M,32,0,1.2586666666666666,0.14192478656768798
gemma3_270m_all_legal_moves_v3,270m,Gemma 3 270M,32,0,1.2693333333333334,0.13860353231430053
gemma3_270m_all_legal_moves_v3,270m,Gemma 3 270M,32,0,1.28,0.12615580558776857
gemma3_270m_all_legal_moves_v3,270m,Gemma 3 270M,32,0,1.2906666666666666,0.11410102844238282
gemma3_270m_all_legal_moves_v3,270m,Gemma 3 270M,32,0,1.3013333333333335,0.11155282258987427
gemma3_270m_all_legal_moves_v3,270m,Gemma 3 270M,32,0,1.312,0.10820050239562988
gemma3_270m_all_legal_moves_v3,270m,Gemma 3 270M,32,0,1.3226666666666667,0.10743786096572876
gemma3_270m_all_legal_moves_v3,270m,Gemma 3 270M,32,0,1.3333333333333333,0.10973128080368041
gemma3_270m_all_legal_moves_v3,270m,Gemma 3 270M,32,0,1.3439999999999999,0.11194344758987426
gemma3_270m_all_legal_moves_v3,270m,Gemma 3 270M,32,0,1.3546666666666667,0.10997411012649536
gemma3_270m_all_legal_moves_v3,270m,Gemma 3 270M,32,0,1.3653333333333333,0.1088976263999939
gemma3_270m_all_legal_moves_v3,270m,Gemma 3 270M,32,0,1.376,0.10664834976196289
gemma3_270m_all_legal_moves_v3,270m,Gemma 3 270M,32,0,1.3866666666666667,0.11316124200820923
gemma3_270m_all_legal_moves_v3,270m,Gemma 3 270M,32,0,1.3973333333333333,0.1329636812210083
gemma3_270m_all_legal_moves_v3,270m,Gemma 3 270M,32,0,1.408,0.13488872051239015
gemma3_270m_all_legal_moves_v3,270m,Gemma 3 270M,32,0,1.4186666666666667,0.1304174542427063
gemma3_270m_all_legal_moves_v3,270m,Gemma 3 270M,32,0,1.4293333333333333,0.12800992727279664
gemma3_270m_all_legal_moves_v3,270m,Gemma 3 270M,32,0,1.44,0.11332014799118043
gemma3_270m_all_legal_moves_v3,270m,Gemma 3 270M,32,0,1.4506666666666668,0.10288610458374023
gemma3_270m_all_legal_moves_v3,270m,Gemma 3 270M,32,0,1.4613333333333334,0.09948337078094482
gemma3_270m_all_legal_moves_v3,270m,Gemma 3 270M,32,0,1.472,0.0959542989730835
gemma3_270m_all_legal_moves_v3,270m,Gemma 3 270M,32,0,1.4826666666666668,0.09447859525680542
gemma3_270m_all_legal_moves_v3,270m,Gemma 3 270M,32,0,1.4933333333333334,0.10048027038574218
gemma3_270m_all_legal_moves_v3,270m,Gemma 3 270M,32,0,1.504,0.09720448851585388
gemma3_270m_all_legal_moves_v3,270m,Gemma 3 270M,32,0,1.5146666666666668,0.10296672582626343
gemma3_270m_all_legal_moves_v3,270m,Gemma 3 270M,32,0,1.5253333333333332,0.09821895956993103
gemma3_270m_all_legal_moves_v3,270m,Gemma 3 270M,32,0,1.536,0.0932900071144104
gemma3_270m_all_legal_moves_v3,270m,Gemma 3 270M,32,0,1.5466666666666666,0.12155700922012329
gemma3_270m_all_legal_moves_v3,270m,Gemma 3 270M,32,0,1.5573333333333332,0.13119477033615112
gemma3_270m_all_legal_moves_v3,270m,Gemma 3 270M,32,0,1.568,0.12861140966415405
gemma3_270m_all_legal_moves_v3,270m,Gemma 3 270M,32,0,1.5786666666666667,0.12321745157241822
gemma3_270m_all_legal_moves_v3,270m,Gemma 3 270M,32,0,1.5893333333333333,0.10103598833084107
gemma3_270m_all_legal_moves_v3,270m,Gemma 3 270M,32,0,1.6,0.09647513628005981
gemma3_270m_all_legal_moves_v3,270m,Gemma 3 270M,32,0,1.6106666666666667,0.0970747411251068
gemma3_270m_all_legal_moves_v3,270m,Gemma 3 270M,32,0,1.6213333333333333,0.09463984966278076
gemma3_270m_all_legal_moves_v3,270m,Gemma 3 270M,32,0,1.6320000000000001,0.09183648824691773
gemma3_270m_all_legal_moves_v3,270m,Gemma 3 270M,32,0,1.6426666666666667,0.09607313871383667
gemma3_270m_all_legal_moves_v3,270m,Gemma 3 270M,32,0,1.6533333333333333,0.09493480324745178
gemma3_270m_all_legal_moves_v3,270m,Gemma 3 270M,32,0,1.6640000000000001,0.09412080645561219
gemma3_270m_all_legal_moves_v3,270m,Gemma 3 270M,32,0,1.6746666666666665,0.0915073275566101
gemma3_270m_all_legal_moves_v3,270m,Gemma 3 270M,32,0,1.6853333333333333,0.09344093799591065
gemma3_270m_all_legal_moves_v3,270m,Gemma 3 270M,32,0,1.696,0.1179919719696045
gemma3_270m_all_legal_moves_v3,270m,Gemma 3 270M,32,0,1.7066666666666666,0.12673507928848265
gemma3_270m_all_legal_moves_v3,270m,Gemma 3 270M,32,0,1.7173333333333334,0.1235971450805664
gemma3_270m_all_legal_moves_v3,270m,Gemma 3 270M,32,0,1.728,0.11838831901550292
gemma3_270m_all_legal_moves_v3,270m,Gemma 3 270M,32,0,1.7386666666666666,0.10068330764770508
gemma3_270m_all_legal_moves_v3,270m,Gemma 3 270M,32,0,1.7493333333333334,0.09276561737060547
gemma3_270m_all_legal_moves_v3,270m,Gemma 3 270M,32,0,1.76,0.09081714153289795
gemma3_270m_all_legal_moves_v3,270m,Gemma 3 270M,32,0,1.7706666666666666,0.08571853637695312
gemma3_270m_all_legal_moves_v3,270m,Gemma 3 270M,32,0,1.7813333333333334,0.08831312656402587
gemma3_270m_all_legal_moves_v3,270m,Gemma 3 270M,32,0,1.792,0.08694401383399963
gemma3_270m_all_legal_moves_v3,270m,Gemma 3 270M,32,0,1.8026666666666666,0.08829551339149475
gemma3_270m_all_legal_moves_v3,270m,Gemma 3 270M,32,0,1.8133333333333335,0.10851234197616577
gemma3_270m_all_legal_moves_v3,270m,Gemma 3 270M,32,0,1.8239999999999998,0.12779574394226073
gemma3_270m_all_legal_moves_v3,270m,Gemma 3 270M,32,0,1.8346666666666667,0.12910491228103638
gemma3_270m_all_legal_moves_v3,270m,Gemma 3 270M,32,0,1.8453333333333335,0.10730183124542236
gemma3_270m_all_legal_moves_v3,270m,Gemma 3 270M,32,0,1.8559999999999999,0.09765625
gemma3_270m_all_legal_moves_v3,270m,Gemma 3 270M,32,0,1.8666666666666667,0.09535078406333923
gemma3_270m_all_legal_moves_v3,270m,Gemma 3 270M,32,0,1.8773333333333333,0.08449153304100036
gemma3_270m_all_legal_moves_v3,270m,Gemma 3 270M,32,0,1.888,0.08801724314689637
gemma3_270m_all_legal_moves_v3,270m,Gemma 3 270M,32,0,1.8986666666666667,0.08601533174514771
gemma3_270m_all_legal_moves_v3,270m,Gemma 3 270M,32,0,1.9093333333333333,0.1151509165763855
gemma3_270m_all_legal_moves_v3,270m,Gemma 3 270M,32,0,1.92,0.1230516791343689
gemma3_270m_all_legal_moves_v3,270m,Gemma 3 270M,32,0,1.9306666666666668,0.09743524193763733
gemma3_270m_all_legal_moves_v3,270m,Gemma 3 270M,32,0,1.9413333333333334,0.11026194095611572
gemma3_270m_all_legal_moves_v3,270m,Gemma 3 270M,32,0,1.952,0.0866998553276062
gemma3_270m_all_legal_moves_v3,270m,Gemma 3 270M,32,0,1.9626666666666668,0.0875775694847107
gemma3_270m_all_legal_moves_v3,270m,Gemma 3 270M,32,0,1.9733333333333334,0.12067909240722656
gemma3_270m_all_legal_moves_v3,270m,Gemma 3 270M,32,0,1.984,0.10827583074569702
gemma3_270m_all_legal_moves_v3,270m,Gemma 3 270M,32,0,1.9946666666666668,0.11104143857955932
gemma3_270m_all_legal_moves_v3,270m,Gemma 3 270M,32,0,2.005333333333333,0.09563753008842468
gemma3_270m_all_legal_moves_v3,270m,Gemma 3 270M,32,0,2.016,0.07298399806022644
gemma3_270m_all_legal_moves_v3,270m,Gemma 3 270M,32,0,2.026666666666667,0.0769965410232544
gemma3_270m_all_legal_moves_v3,270m,Gemma 3 270M,32,0,2.037333333333333,0.08560997843742371
gemma3_270m_all_legal_moves_v3,270m,Gemma 3 270M,32,0,2.048,0.10699723958969116
gemma3_270m_all_legal_moves_v3,270m,Gemma 3 270M,32,0,2.058666666666667,0.09633035063743592
gemma3_270m_all_legal_moves_v3,270m,Gemma 3 270M,32,0,2.0693333333333332,0.07583320736885071
gemma3_270m_all_legal_moves_v3,270m,Gemma 3 270M,32,0,2.08,0.06958851218223572
gemma3_270m_all_legal_moves_v3,270m,Gemma 3 270M,32,0,2.0906666666666665,0.07103184461593628
gemma3_270m_all_legal_moves_v3,270m,Gemma 3 270M,32,0,2.1013333333333333,0.07436820268630981
gemma3_270m_all_legal_moves_v3,270m,Gemma 3 270M,32,0,2.112,0.07520586848258973
gemma3_270m_all_legal_moves_v3,270m,Gemma 3 270M,32,0,2.1226666666666665,0.08591559529304504
gemma3_270m_all_legal_moves_v3,270m,Gemma 3 270M,32,0,2.1333333333333333,0.09195437431335449
gemma3_270m_all_legal_moves_v3,270m,Gemma 3 270M,32,0,2.144,0.093509840965271
gemma3_270m_all_legal_moves_v3,270m,Gemma 3 270M,32,0,2.1546666666666665,0.08171958923339843
gemma3_270m_all_legal_moves_v3,270m,Gemma 3 270M,32,0,2.1653333333333333,0.07537833452224732
gemma3_270m_all_legal_moves_v3,270m,Gemma 3 270M,32,0,2.176,0.0716273844242096
gemma3_270m_all_legal_moves_v3,270m,Gemma 3 270M,32,0,2.1866666666666665,0.06721147894859314
gemma3_270m_all_legal_moves_v3,270m,Gemma 3 270M,32,0,2.1973333333333334,0.07389461398124694
gemma3_270m_all_legal_moves_v3,270m,Gemma 3 270M,32,0,2.208,0.07164533138275146
gemma3_270m_all_legal_moves_v3,270m,Gemma 3 270M,32,0,2.2186666666666666,0.07119449973106384
gemma3_270m_all_legal_moves_v3,270m,Gemma 3 270M,32,0,2.2293333333333334,0.07233946323394776
gemma3_270m_all_legal_moves_v3,270m,Gemma 3 270M,32,0,2.24,0.08131384253501892
gemma3_270m_all_legal_moves_v3,270m,Gemma 3 270M,32,0,2.2506666666666666,0.09673309922218323
gemma3_270m_all_legal_moves_v3,270m,Gemma 3 270M,32,0,2.2613333333333334,0.08815362453460693
gemma3_270m_all_legal_moves_v3,270m,Gemma 3 270M,32,0,2.2720000000000002,0.09044713973999023
gemma3_270m_all_legal_moves_v3,270m,Gemma 3 270M,32,0,2.2826666666666666,0.0775164544582367
gemma3_270m_all_legal_moves_v3,270m,Gemma 3 270M,32,0,2.2933333333333334,0.07356566786766053
gemma3_270m_all_legal_moves_v3,270m,Gemma 3 270M,32,0,2.304,0.06800413727760315
gemma3_270m_all_legal_moves_v3,270m,Gemma 3 270M,32,0,2.3146666666666667,0.06897199153900146
gemma3_270m_all_legal_moves_v3,270m,Gemma 3 270M,32,0,2.3253333333333335,0.06907091140747071
gemma3_270m_all_legal_moves_v3,270m,Gemma 3 270M,32,0,2.336,0.069504314661026
gemma3_270m_all_legal_moves_v3,270m,Gemma 3 270M,32,0,2.3466666666666667,0.07143434882164001
gemma3_270m_all_legal_moves_v3,270m,Gemma 3 270M,32,0,2.3573333333333335,0.07077754139900208
gemma3_270m_all_legal_moves_v3,270m,Gemma 3 270M,32,0,2.368,0.07144695520401001
gemma3_270m_all_legal_moves_v3,270m,Gemma 3 270M,32,0,2.3786666666666667,0.06948772072792053
gemma3_270m_all_legal_moves_v3,270m,Gemma 3 270M,32,0,2.389333333333333,0.08035993576049805
gemma3_270m_all_legal_moves_v3,270m,Gemma 3 270M,32,0,2.4,0.09171045422554017
gemma3_270m_all_legal_moves_v3,270m,Gemma 3 270M,32,0,2.4106666666666667,0.09076512455940247
gemma3_270m_all_legal_moves_v3,270m,Gemma 3 270M,32,0,2.421333333333333,0.08709293603897095
gemma3_270m_all_legal_moves_v3,270m,Gemma 3 270M,32,0,2.432,0.08133566379547119
gemma3_270m_all_legal_moves_v3,270m,Gemma 3 270M,32,0,2.4426666666666668,0.07546128034591675
gemma3_270m_all_legal_moves_v3,270m,Gemma 3 270M,32,0,2.453333333333333,0.0673491358757019
gemma3_270m_all_legal_moves_v3,270m,Gemma 3 270M,32,0,2.464,0.06629558801651
gemma3_270m_all_legal_moves_v3,270m,Gemma 3 270M,32,0,2.474666666666667,0.06619552969932556
gemma3_270m_all_legal_moves_v3,270m,Gemma 3 270M,32,0,2.485333333333333,0.06420047879219055
gemma3_270m_all_legal_moves_v3,270m,Gemma 3 270M,32,0,2.496,0.0691120445728302
gemma3_270m_all_legal_moves_v3,270m,Gemma 3 270M,32,0,2.506666666666667,0.06554431319236756
gemma3_270m_all_legal_moves_v3,270m,Gemma 3 270M,32,0,2.517333333333333,0.07305333614349366
gemma3_270m_all_legal_moves_v3,270m,Gemma 3 270M,32,0,2.528,0.06581451892852783
gemma3_270m_all_legal_moves_v3,270m,Gemma 3 270M,32,0,2.538666666666667,0.06755722761154175
gemma3_270m_all_legal_moves_v3,270m,Gemma 3 270M,32,0,2.5493333333333332,0.0885409653186798
gemma3_270m_all_legal_moves_v3,270m,Gemma 3 270M,32,0,2.56,0.09077523350715637
gemma3_270m_all_legal_moves_v3,270m,Gemma 3 270M,32,0,2.570666666666667,0.09174661040306091
gemma3_270m_all_legal_moves_v3,270m,Gemma 3 270M,32,0,2.5813333333333333,0.08581060767173768
gemma3_270m_all_legal_moves_v3,270m,Gemma 3 270M,32,0,2.592,0.07005944848060608
gemma3_270m_all_legal_moves_v3,270m,Gemma 3 270M,32,0,2.602666666666667,0.06786020398139954
gemma3_270m_all_legal_moves_v3,270m,Gemma 3 270M,32,0,2.6133333333333333,0.06607983708381653
gemma3_270m_all_legal_moves_v3,270m,Gemma 3 270M,32,0,2.624,0.06446101665496826
gemma3_270m_all_legal_moves_v3,270m,Gemma 3 270M,32,0,2.634666666666667,0.06285862922668457
gemma3_270m_all_legal_moves_v3,270m,Gemma 3 270M,32,0,2.6453333333333333,0.06886698603630066
gemma3_270m_all_legal_moves_v3,270m,Gemma 3 270M,32,0,2.656,0.06491508483886718
gemma3_270m_all_legal_moves_v3,270m,Gemma 3 270M,32,0,2.6666666666666665,0.06583908796310425
gemma3_270m_all_legal_moves_v3,270m,Gemma 3 270M,32,0,2.6773333333333333,0.06451029777526855
gemma3_270m_all_legal_moves_v3,270m,Gemma 3 270M,32,0,2.6879999999999997,0.06676818132400512
gemma3_270m_all_legal_moves_v3,270m,Gemma 3 270M,32,0,2.6986666666666665,0.08984175324440002
gemma3_270m_all_legal_moves_v3,270m,Gemma 3 270M,32,0,2.7093333333333334,0.08992317914962769
gemma3_270m_all_legal_moves_v3,270m,Gemma 3 270M,32,0,2.7199999999999998,0.08888111114501954
gemma3_270m_all_legal_moves_v3,270m,Gemma 3 270M,32,0,2.7306666666666666,0.08259629011154175
gemma3_270m_all_legal_moves_v3,270m,Gemma 3 270M,32,0,2.7413333333333334,0.06898173093795776
gemma3_270m_all_legal_moves_v3,270m,Gemma 3 270M,32,0,2.752,0.06444438099861145
gemma3_270m_all_legal_moves_v3,270m,Gemma 3 270M,32,0,2.7626666666666666,0.06362576484680176
gemma3_270m_all_legal_moves_v3,270m,Gemma 3 270M,32,0,2.7733333333333334,0.06319690346717835
gemma3_270m_all_legal_moves_v3,270m,Gemma 3 270M,32,0,2.784,0.06274298429489136
gemma3_270m_all_legal_moves_v3,270m,Gemma 3 270M,32,0,2.7946666666666666,0.0623492181301117
gemma3_270m_all_legal_moves_v3,270m,Gemma 3 270M,32,0,2.8053333333333335,0.0631101131439209
gemma3_270m_all_legal_moves_v3,270m,Gemma 3 270M,32,0,2.816,0.08832119107246399
gemma3_270m_all_legal_moves_v3,270m,Gemma 3 270M,32,0,2.8266666666666667,0.09502296447753907
gemma3_270m_all_legal_moves_v3,270m,Gemma 3 270M,32,0,2.8373333333333335,0.09154834747314453
gemma3_270m_all_legal_moves_v3,270m,Gemma 3 270M,32,0,2.848,0.06898424625396729
gemma3_270m_all_legal_moves_v3,270m,Gemma 3 270M,32,0,2.8586666666666667,0.078094220161438
gemma3_270m_all_legal_moves_v3,270m,Gemma 3 270M,32,0,2.8693333333333335,0.06364653706550598
gemma3_270m_all_legal_moves_v3,270m,Gemma 3 270M,32,0,2.88,0.062673681974411
gemma3_270m_all_legal_moves_v3,270m,Gemma 3 270M,32,0,2.8906666666666667,0.061950075626373294
gemma3_270m_all_legal_moves_v3,270m,Gemma 3 270M,32,0,2.9013333333333335,0.06423174142837525
gemma3_270m_all_legal_moves_v3,270m,Gemma 3 270M,32,0,2.912,0.09282389879226685
gemma3_270m_all_legal_moves_v3,270m,Gemma 3 270M,32,0,2.9226666666666667,0.08835873007774353
gemma3_270m_all_legal_moves_v3,270m,Gemma 3 270M,32,0,2.9333333333333336,0.07601076364517212
gemma3_270m_all_legal_moves_v3,270m,Gemma 3 270M,32,0,2.944,0.07552661299705506
gemma3_270m_all_legal_moves_v3,270m,Gemma 3 270M,32,0,2.9546666666666668,0.06088552474975586
gemma3_270m_all_legal_moves_v3,270m,Gemma 3 270M,32,0,2.9653333333333336,0.07229220867156982
gemma3_270m_all_legal_moves_v3,270m,Gemma 3 270M,32,0,2.976,0.08749601244926453
gemma3_270m_all_legal_moves_v3,270m,Gemma 3 270M,32,0,2.986666666666667,0.08462397456169128
gemma3_270m_all_legal_moves_v3,270m,Gemma 3 270M,32,0,2.997333333333333,0.08027584552764892
gemma3_270m_all_legal_moves_v3,270m,Gemma 3 270M,32,0,3.008,0.0630427896976471
gemma3_270m_all_legal_moves_v3,270m,Gemma 3 270M,32,0,3.018666666666667,0.05383595824241638
gemma3_270m_all_legal_moves_v3,270m,Gemma 3 270M,32,0,3.029333333333333,0.05595543384552002
gemma3_270m_all_legal_moves_v3,270m,Gemma 3 270M,32,0,3.04,0.06811171770095825
gemma3_270m_all_legal_moves_v3,270m,Gemma 3 270M,32,0,3.050666666666667,0.0814969778060913
gemma3_270m_all_legal_moves_v3,270m,Gemma 3 270M,32,0,3.0613333333333332,0.06695711612701416
gemma3_270m_all_legal_moves_v3,270m,Gemma 3 270M,32,0,3.072,0.054380542039871214
gemma3_270m_all_legal_moves_v3,270m,Gemma 3 270M,32,0,3.0826666666666664,0.05194487571716309
gemma3_270m_all_legal_moves_v3,270m,Gemma 3 270M,32,0,3.0933333333333333,0.053118938207626344
gemma3_270m_all_legal_moves_v3,270m,Gemma 3 270M,32,0,3.104,0.05575156807899475
gemma3_270m_all_legal_moves_v3,270m,Gemma 3 270M,32,0,3.1146666666666665,0.05630877017974854
gemma3_270m_all_legal_moves_v3,270m,Gemma 3 270M,32,0,3.1253333333333333,0.06658610701560974
gemma3_270m_all_legal_moves_v3,270m,Gemma 3 270M,32,0,3.136,0.07048928737640381
gemma3_270m_all_legal_moves_v3,270m,Gemma 3 270M,32,0,3.1466666666666665,0.06796947717666627
gemma3_270m_all_legal_moves_v3,270m,Gemma 3 270M,32,0,3.1573333333333333,0.057939404249191286
gemma3_270m_all_legal_moves_v3,270m,Gemma 3 270M,32,0,3.168,0.05507311224937439
gemma3_270m_all_legal_moves_v3,270m,Gemma 3 270M,32,0,3.1786666666666665,0.05268906950950623
gemma3_270m_all_legal_moves_v3,270m,Gemma 3 270M,32,0,3.1893333333333334,0.04968935549259186
gemma3_270m_all_legal_moves_v3,270m,Gemma 3 270M,32,0,3.2,0.053768908977508544
gemma3_270m_all_legal_moves_v3,270m,Gemma 3 270M,32,0,3.2106666666666666,0.05179277658462524
gemma3_270m_all_legal_moves_v3,270m,Gemma 3 270M,32,0,3.2213333333333334,0.05239036083221436
gemma3_270m_all_legal_moves_v3,270m,Gemma 3 270M,32,0,3.232,0.05315427184104919
gemma3_270m_all_legal_moves_v3,270m,Gemma 3 270M,32,0,3.2426666666666666,0.0648937165737152
gemma3_270m_all_legal_moves_v3,270m,Gemma 3 270M,32,0,3.2533333333333334,0.07133743166923523
gemma3_270m_all_legal_moves_v3,270m,Gemma 3 270M,32,0,3.2640000000000002,0.06806413531303405
gemma3_270m_all_legal_moves_v3,270m,Gemma 3 270M,32,0,3.2746666666666666,0.06313287019729615
gemma3_270m_all_legal_moves_v3,270m,Gemma 3 270M,32,0,3.2853333333333334,0.05468510389328003
gemma3_270m_all_legal_moves_v3,270m,Gemma 3 270M,32,0,3.296,0.05346931219100952
gemma3_270m_all_legal_moves_v3,270m,Gemma 3 270M,32,0,3.3066666666666666,0.05178438425064087
gemma3_270m_all_legal_moves_v3,270m,Gemma 3 270M,32,0,3.3173333333333335,0.05271653532981872
gemma3_270m_all_legal_moves_v3,270m,Gemma 3 270M,32,0,3.328,0.051430237293243405
gemma3_270m_all_legal_moves_v3,270m,Gemma 3 270M,32,0,3.3386666666666667,0.053210556507110596
gemma3_270m_all_legal_moves_v3,270m,Gemma 3 270M,32,0,3.3493333333333335,0.05268197059631348
gemma3_270m_all_legal_moves_v3,270m,Gemma 3 270M,32,0,3.36,0.05254893302917481
gemma3_270m_all_legal_moves_v3,270m,Gemma 3 270M,32,0,3.3706666666666667,0.05239307284355164
gemma3_270m_all_legal_moves_v3,270m,Gemma 3 270M,32,0,3.3813333333333335,0.05253193378448486
gemma3_270m_all_legal_moves_v3,270m,Gemma 3 270M,32,0,3.392,0.06337841749191284
gemma3_270m_all_legal_moves_v3,270m,Gemma 3 270M,32,0,3.4026666666666667,0.06836757063865662
gemma3_270m_all_legal_moves_v3,270m,Gemma 3 270M,32,0,3.413333333333333,0.0722156286239624
gemma3_270m_all_legal_moves_v3,270m,Gemma 3 270M,32,0,3.424,0.06641599535942078
gemma3_270m_all_legal_moves_v3,270m,Gemma 3 270M,32,0,3.4346666666666668,0.057910585403442384
gemma3_270m_all_legal_moves_v3,270m,Gemma 3 270M,32,0,3.445333333333333,0.05370702147483826
gemma3_270m_all_legal_moves_v3,270m,Gemma 3 270M,32,0,3.456,0.050789904594421384
gemma3_270m_all_legal_moves_v3,270m,Gemma 3 270M,32,0,3.466666666666667,0.049664589762687686
gemma3_270m_all_legal_moves_v3,270m,Gemma 3 270M,32,0,3.477333333333333,0.0485907644033432
gemma3_270m_all_legal_moves_v3,270m,Gemma 3 270M,32,0,3.488,0.048551741242408755
gemma3_270m_all_legal_moves_v3,270m,Gemma 3 270M,32,0,3.498666666666667,0.04930485785007477
gemma3_270m_all_legal_moves_v3,270m,Gemma 3 270M,32,0,3.509333333333333,0.051816731691360474
gemma3_270m_all_legal_moves_v3,270m,Gemma 3 270M,32,0,3.52,0.05295165777206421
gemma3_270m_all_legal_moves_v3,270m,Gemma 3 270M,32,0,3.530666666666667,0.04755929112434387
gemma3_270m_all_legal_moves_v3,270m,Gemma 3 270M,32,0,3.541333333333333,0.054301518201828006
gemma3_270m_all_legal_moves_v3,270m,Gemma 3 270M,32,0,3.552,0.07126349210739136
gemma3_270m_all_legal_moves_v3,270m,Gemma 3 270M,32,0,3.562666666666667,0.06488925218582153
gemma3_270m_all_legal_moves_v3,270m,Gemma 3 270M,32,0,3.5733333333333333,0.07228848338127136
gemma3_270m_all_legal_moves_v3,270m,Gemma 3 270M,32,0,3.584,0.056453007459640506
gemma3_270m_all_legal_moves_v3,270m,Gemma 3 270M,32,0,3.594666666666667,0.051393532752990724
gemma3_270m_all_legal_moves_v3,270m,Gemma 3 270M,32,0,3.6053333333333333,0.05269251465797424
gemma3_270m_all_legal_moves_v3,270m,Gemma 3 270M,32,0,3.616,0.05031784176826477
gemma3_270m_all_legal_moves_v3,270m,Gemma 3 270M,32,0,3.626666666666667,0.04937365651130676
gemma3_270m_all_legal_moves_v3,270m,Gemma 3 270M,32,0,3.6373333333333333,0.04888803064823151
gemma3_270m_all_legal_moves_v3,270m,Gemma 3 270M,32,0,3.648,0.05190695524215698
gemma3_270m_all_legal_moves_v3,270m,Gemma 3 270M,32,0,3.6586666666666665,0.04956851899623871
gemma3_270m_all_legal_moves_v3,270m,Gemma 3 270M,32,0,3.6693333333333333,0.05008600950241089
gemma3_270m_all_legal_moves_v3,270m,Gemma 3 270M,32,0,3.68,0.04833700954914093
gemma3_270m_all_legal_moves_v3,270m,Gemma 3 270M,32,0,3.6906666666666665,0.05467069149017334
gemma3_270m_all_legal_moves_v3,270m,Gemma 3 270M,32,0,3.7013333333333334,0.06814045310020447
gemma3_270m_all_legal_moves_v3,270m,Gemma 3 270M,32,0,3.7119999999999997,0.06896129250526428
gemma3_270m_all_legal_moves_v3,270m,Gemma 3 270M,32,0,3.7226666666666666,0.06822393536567688
gemma3_270m_all_legal_moves_v3,270m,Gemma 3 270M,32,0,3.7333333333333334,0.056654900312423706
gemma3_270m_all_legal_moves_v3,270m,Gemma 3 270M,32,0,3.7439999999999998,0.05111755728721619
gemma3_270m_all_legal_moves_v3,270m,Gemma 3 270M,32,0,3.7546666666666666,0.04884369373321533
gemma3_270m_all_legal_moves_v3,270m,Gemma 3 270M,32,0,3.7653333333333334,0.04751200377941132
gemma3_270m_all_legal_moves_v3,270m,Gemma 3 270M,32,0,3.776,0.05000196695327759
gemma3_270m_all_legal_moves_v3,270m,Gemma 3 270M,32,0,3.7866666666666666,0.04541487097740173
gemma3_270m_all_legal_moves_v3,270m,Gemma 3 270M,32,0,3.7973333333333334,0.04814964234828949
gemma3_270m_all_legal_moves_v3,270m,Gemma 3 270M,32,0,3.808,0.04913361966609955
gemma3_270m_all_legal_moves_v3,270m,Gemma 3 270M,32,0,3.8186666666666667,0.07141945362091065
gemma3_270m_all_legal_moves_v3,270m,Gemma 3 270M,32,0,3.8293333333333335,0.07149693369865417
gemma3_270m_all_legal_moves_v3,270m,Gemma 3 270M,32,0,3.84,0.0685321033000946
gemma3_270m_all_legal_moves_v3,270m,Gemma 3 270M,32,0,3.8506666666666667,0.04975056946277619
gemma3_270m_all_legal_moves_v3,270m,Gemma 3 270M,32,0,3.8613333333333335,0.05952996015548706
gemma3_270m_all_legal_moves_v3,270m,Gemma 3 270M,32,0,3.872,0.047807762026786806
gemma3_270m_all_legal_moves_v3,270m,Gemma 3 270M,32,0,3.8826666666666667,0.048198720812797545
gemma3_270m_all_legal_moves_v3,270m,Gemma 3 270M,32,0,3.8933333333333335,0.04716263711452484
gemma3_270m_all_legal_moves_v3,270m,Gemma 3 270M,32,0,3.904,0.05830276608467102
gemma3_270m_all_legal_moves_v3,270m,Gemma 3 270M,32,0,3.9146666666666667,0.07116677165031433
gemma3_270m_all_legal_moves_v3,270m,Gemma 3 270M,32,0,3.9253333333333336,0.06223241090774536
gemma3_270m_all_legal_moves_v3,270m,Gemma 3 270M,32,0,3.936,0.06364808678627014
gemma3_270m_all_legal_moves_v3,270m,Gemma 3 270M,32,0,3.9466666666666668,0.05384948253631592
gemma3_270m_all_legal_moves_v3,270m,Gemma 3 270M,32,0,3.9573333333333336,0.04667517244815826
gemma3_270m_all_legal_moves_v3,270m,Gemma 3 270M,32,0,3.968,0.06227247714996338
gemma3_270m_all_legal_moves_v3,270m,Gemma 3 270M,32,0,3.978666666666667,0.06166420578956604
gemma3_270m_all_legal_moves_v3,270m,Gemma 3 270M,32,0,3.989333333333333,0.06941064596176147
gemma3_270m_all_legal_moves_v3,270m,Gemma 3 270M,32,0,4.0,0.06406410932540893
gemma3_270m_all_legal_moves_v3,270m,Gemma 3 270M,32,0,4.010666666666666,0.040094754099845885
gemma3_270m_all_legal_moves_v3,270m,Gemma 3 270M,32,0,4.021333333333334,0.04220103323459625
gemma3_270m_all_legal_moves_v3,270m,Gemma 3 270M,32,0,4.032,0.04328227639198303
gemma3_270m_all_legal_moves_v3,270m,Gemma 3 270M,32,0,4.042666666666666,0.05951240658760071
gemma3_270m_all_legal_moves_v3,270m,Gemma 3 270M,32,0,4.053333333333334,0.06288665533065796
gemma3_270m_all_legal_moves_v3,270m,Gemma 3 270M,32,0,4.064,0.04581309556961059
gemma3_270m_all_legal_moves_v3,270m,Gemma 3 270M,32,0,4.074666666666666,0.04228170812129974
gemma3_270m_all_legal_moves_v3,270m,Gemma 3 270M,32,0,4.085333333333334,0.039013630151748656
gemma3_270m_all_legal_moves_v3,270m,Gemma 3 270M,32,0,4.096,0.041660457849502563
gemma3_270m_all_legal_moves_v3,270m,Gemma 3 270M,32,0,4.1066666666666665,0.044196730852127074
gemma3_270m_all_legal_moves_v3,270m,Gemma 3 270M,32,0,4.117333333333334,0.041939055919647215
gemma3_270m_all_legal_moves_v3,270m,Gemma 3 270M,32,0,4.128,0.0550194263458252
gemma3_270m_all_legal_moves_v3,270m,Gemma 3 270M,32,0,4.1386666666666665,0.055106109380722045
gemma3_270m_all_legal_moves_v3,270m,Gemma 3 270M,32,0,4.149333333333334,0.05142910480499267
gemma3_270m_all_legal_moves_v3,270m,Gemma 3 270M,32,0,4.16,0.04391374886035919
gemma3_270m_all_legal_moves_v3,270m,Gemma 3 270M,32,0,4.1706666666666665,0.04215191304683685
gemma3_270m_all_legal_moves_v3,270m,Gemma 3 270M,32,0,4.181333333333333,0.040470606088638304
gemma3_270m_all_legal_moves_v3,270m,Gemma 3 270M,32,0,4.192,0.04002276360988617
gemma3_270m_all_legal_moves_v3,270m,Gemma 3 270M,32,0,4.2026666666666666,0.04151212871074676
gemma3_270m_all_legal_moves_v3,270m,Gemma 3 270M,32,0,4.213333333333333,0.03929437696933746
gemma3_270m_all_legal_moves_v3,270m,Gemma 3 270M,32,0,4.224,0.040852829813957214
gemma3_270m_all_legal_moves_v3,270m,Gemma 3 270M,32,0,4.234666666666667,0.04132745862007141
gemma3_270m_all_legal_moves_v3,270m,Gemma 3 270M,32,0,4.245333333333333,0.0572457492351532
gemma3_270m_all_legal_moves_v3,270m,Gemma 3 270M,32,0,4.256,0.05405018925666809
gemma3_270m_all_legal_moves_v3,270m,Gemma 3 270M,32,0,4.266666666666667,0.05282842516899109
gemma3_270m_all_legal_moves_v3,270m,Gemma 3 270M,32,0,4.277333333333333,0.047591757774353025
gemma3_270m_all_legal_moves_v3,270m,Gemma 3 270M,32,0,4.288,0.0403618723154068
gemma3_270m_all_legal_moves_v3,270m,Gemma 3 270M,32,0,4.298666666666667,0.042158231139183044
gemma3_270m_all_legal_moves_v3,270m,Gemma 3 270M,32,0,4.309333333333333,0.04050008952617645
gemma3_270m_all_legal_moves_v3,270m,Gemma 3 270M,32,0,4.32,0.04074419438838959
gemma3_270m_all_legal_moves_v3,270m,Gemma 3 270M,32,0,4.330666666666667,0.04086828827857971
gemma3_270m_all_legal_moves_v3,270m,Gemma 3 270M,32,0,4.341333333333333,0.04136699736118317
gemma3_270m_all_legal_moves_v3,270m,Gemma 3 270M,32,0,4.352,0.04146344661712646
gemma3_270m_all_legal_moves_v3,270m,Gemma 3 270M,32,0,4.362666666666667,0.040936410427093506
gemma3_270m_all_legal_moves_v3,270m,Gemma 3 270M,32,0,4.373333333333333,0.04084182977676391
gemma3_270m_all_legal_moves_v3,270m,Gemma 3 270M,32,0,4.384,0.04197785258293152
gemma3_270m_all_legal_moves_v3,270m,Gemma 3 270M,32,0,4.394666666666667,0.05337249040603638
gemma3_270m_all_legal_moves_v3,270m,Gemma 3 270M,32,0,4.405333333333333,0.0542317807674408
gemma3_270m_all_legal_moves_v3,270m,Gemma 3 270M,32,0,4.416,0.05494125485420227
gemma3_270m_all_legal_moves_v3,270m,Gemma 3 270M,32,0,4.426666666666667,0.0496120274066925
gemma3_270m_all_legal_moves_v3,270m,Gemma 3 270M,32,0,4.437333333333333,0.04337815344333649
gemma3_270m_all_legal_moves_v3,270m,Gemma 3 270M,32,0,4.448,0.04278424084186554
gemma3_270m_all_legal_moves_v3,270m,Gemma 3 270M,32,0,4.458666666666667,0.03952363431453705
gemma3_270m_all_legal_moves_v3,270m,Gemma 3 270M,32,0,4.469333333333333,0.03838806748390198
gemma3_270m_all_legal_moves_v3,270m,Gemma 3 270M,32,0,4.48,0.03788394033908844
gemma3_270m_all_legal_moves_v3,270m,Gemma 3 270M,32,0,4.490666666666667,0.04148944318294525
gemma3_270m_all_legal_moves_v3,270m,Gemma 3 270M,32,0,4.501333333333333,0.038036075234413144
gemma3_270m_all_legal_moves_v3,270m,Gemma 3 270M,32,0,4.5120000000000005,0.0419410228729248
gemma3_270m_all_legal_moves_v3,270m,Gemma 3 270M,32,0,4.522666666666667,0.04067394733428955
gemma3_270m_all_legal_moves_v3,270m,Gemma 3 270M,32,0,4.533333333333333,0.03768261075019837
gemma3_270m_all_legal_moves_v3,270m,Gemma 3 270M,32,0,4.5440000000000005,0.04962591826915741
gemma3_270m_all_legal_moves_v3,270m,Gemma 3 270M,32,0,4.554666666666667,0.053885889053344724
gemma3_270m_all_legal_moves_v3,270m,Gemma 3 270M,32,0,4.565333333333333,0.0518538236618042
gemma3_270m_all_legal_moves_v3,270m,Gemma 3 270M,32,0,4.576,0.05629549026489258
gemma3_270m_all_legal_moves_v3,270m,Gemma 3 270M,32,0,4.586666666666667,0.040242618322372435
gemma3_270m_all_legal_moves_v3,270m,Gemma 3 270M,32,0,4.597333333333333,0.041221612691879274
gemma3_270m_all_legal_moves_v3,270m,Gemma 3 270M,32,0,4.608,0.04115026593208313
gemma3_270m_all_legal_moves_v3,270m,Gemma 3 270M,32,0,4.618666666666667,0.04017210006713867
gemma3_270m_all_legal_moves_v3,270m,Gemma 3 270M,32,0,4.629333333333333,0.03918440043926239
gemma3_270m_all_legal_moves_v3,270m,Gemma 3 270M,32,0,4.64,0.04098737835884094
gemma3_270m_all_legal_moves_v3,270m,Gemma 3 270M,32,0,4.650666666666667,0.041249072551727294
gemma3_270m_all_legal_moves_v3,270m,Gemma 3 270M,32,0,4.661333333333333,0.04076953828334808
gemma3_270m_all_legal_moves_v3,270m,Gemma 3 270M,32,0,4.672,0.038688546419143675
gemma3_270m_all_legal_moves_v3,270m,Gemma 3 270M,32,0,4.682666666666667,0.039272695779800415
gemma3_270m_all_legal_moves_v3,270m,Gemma 3 270M,32,0,4.693333333333333,0.047912266850471494
gemma3_270m_all_legal_moves_v3,270m,Gemma 3 270M,32,0,4.704,0.053912180662155154
gemma3_270m_all_legal_moves_v3,270m,Gemma 3 270M,32,0,4.714666666666667,0.056171149015426636
gemma3_270m_all_legal_moves_v3,270m,Gemma 3 270M,32,0,4.725333333333333,0.054681402444839475
gemma3_270m_all_legal_moves_v3,270m,Gemma 3 270M,32,0,4.736,0.041584110260009764
gemma3_270m_all_legal_moves_v3,270m,Gemma 3 270M,32,0,4.746666666666667,0.04049984812736511
gemma3_270m_all_legal_moves_v3,270m,Gemma 3 270M,32,0,4.757333333333333,0.039224520325660706
gemma3_270m_all_legal_moves_v3,270m,Gemma 3 270M,32,0,4.768,0.03802554905414581
gemma3_270m_all_legal_moves_v3,270m,Gemma 3 270M,32,0,4.778666666666666,0.03938041627407074
gemma3_270m_all_legal_moves_v3,270m,Gemma 3 270M,32,0,4.789333333333333,0.037926381826400755
gemma3_270m_all_legal_moves_v3,270m,Gemma 3 270M,32,0,4.8,0.03954983353614807
gemma3_270m_all_legal_moves_v3,270m,Gemma 3 270M,32,0,4.810666666666666,0.044298088550567626
gemma3_270m_all_legal_moves_v3,270m,Gemma 3 270M,32,0,4.8213333333333335,0.058252733945846555
gemma3_270m_all_legal_moves_v3,270m,Gemma 3 270M,32,0,4.832,0.05702618956565857
gemma3_270m_all_legal_moves_v3,270m,Gemma 3 270M,32,0,4.842666666666666,0.04984658360481262
gemma3_270m_all_legal_moves_v3,270m,Gemma 3 270M,32,0,4.8533333333333335,0.04059470295906067
gemma3_270m_all_legal_moves_v3,270m,Gemma 3 270M,32,0,4.864,0.04660425782203674
gemma3_270m_all_legal_moves_v3,270m,Gemma 3 270M,32,0,4.874666666666666,0.03805389106273651
gemma3_270m_all_legal_moves_v3,270m,Gemma 3 270M,32,0,4.8853333333333335,0.03935055136680603
gemma3_270m_all_legal_moves_v3,270m,Gemma 3 270M,32,0,4.896,0.03989715278148651
gemma3_270m_all_legal_moves_v3,270m,Gemma 3 270M,32,0,4.906666666666666,0.052511072158813475
gemma3_270m_all_legal_moves_v3,270m,Gemma 3 270M,32,0,4.917333333333334,0.05704158544540405
gemma3_270m_all_legal_moves_v3,270m,Gemma 3 270M,32,0,4.928,0.045212775468826294
gemma3_270m_all_legal_moves_v3,270m,Gemma 3 270M,32,0,4.938666666666666,0.053687894344329835
gemma3_270m_all_legal_moves_v3,270m,Gemma 3 270M,32,0,4.949333333333334,0.04089956879615784
gemma3_270m_all_legal_moves_v3,270m,Gemma 3 270M,32,0,4.96,0.038924777507781984
gemma3_270m_all_legal_moves_v3,270m,Gemma 3 270M,32,0,4.970666666666666,0.054683899879455565
gemma3_270m_all_legal_moves_v3,270m,Gemma 3 270M,32,0,4.981333333333334,0.04891338050365448
gemma3_270m_all_legal_moves_v3,270m,Gemma 3 270M,32,0,4.992,0.05576125979423523
gemma4_e2b_all_legal_moves_v4,e2b,Gemma 4 E2B,16,0,0.010666666666666666,3.685731887817383
gemma4_e2b_all_legal_moves_v4,e2b,Gemma 4 E2B,16,0,0.021333333333333333,1.3421181678771972
gemma4_e2b_all_legal_moves_v4,e2b,Gemma 4 E2B,16,0,0.032,0.7522452354431153
gemma4_e2b_all_legal_moves_v4,e2b,Gemma 4 E2B,16,0,0.042666666666666665,0.5894599437713623
gemma4_e2b_all_legal_moves_v4,e2b,Gemma 4 E2B,16,0,0.05333333333333334,0.5069550514221192
gemma4_e2b_all_legal_moves_v4,e2b,Gemma 4 E2B,16,0,0.064,0.38363943099975584
gemma4_e2b_all_legal_moves_v4,e2b,Gemma 4 E2B,16,0,0.07466666666666667,0.31877708435058594
gemma4_e2b_all_legal_moves_v4,e2b,Gemma 4 E2B,16,0,0.08533333333333333,0.26633477210998535
gemma4_e2b_all_legal_moves_v4,e2b,Gemma 4 E2B,16,0,0.096,0.26409521102905276
gemma4_e2b_all_legal_moves_v4,e2b,Gemma 4 E2B,16,0,0.10666666666666667,0.24536919593811035
gemma4_e2b_all_legal_moves_v4,e2b,Gemma 4 E2B,16,0,0.11733333333333333,0.22474489212036133
gemma4_e2b_all_legal_moves_v4,e2b,Gemma 4 E2B,16,0,0.128,0.23728318214416505
gemma4_e2b_all_legal_moves_v4,e2b,Gemma 4 E2B,16,0,0.13866666666666666,0.2138202667236328
gemma4_e2b_all_legal_moves_v4,e2b,Gemma 4 E2B,16,0,0.14933333333333335,0.22204761505126952
gemma4_e2b_all_legal_moves_v4,e2b,Gemma 4 E2B,16,0,0.16,0.17737919092178345
gemma4_e2b_all_legal_moves_v4,e2b,Gemma 4 E2B,16,0,0.17066666666666666,0.16127517223358154
gemma4_e2b_all_legal_moves_v4,e2b,Gemma 4 E2B,16,0,0.18133333333333335,0.14906811714172363
gemma4_e2b_all_legal_moves_v4,e2b,Gemma 4 E2B,16,0,0.192,0.15002045631408692
gemma4_e2b_all_legal_moves_v4,e2b,Gemma 4 E2B,16,0,0.20266666666666666,0.15818371772766113
gemma4_e2b_all_legal_moves_v4,e2b,Gemma 4 E2B,16,0,0.21333333333333335,0.1454745888710022
gemma4_e2b_all_legal_moves_v4,e2b,Gemma 4 E2B,16,0,0.224,0.14258220195770263
gemma4_e2b_all_legal_moves_v4,e2b,Gemma 4 E2B,16,0,0.23466666666666666,0.13579951524734496
gemma4_e2b_all_legal_moves_v4,e2b,Gemma 4 E2B,16,0,0.24533333333333332,0.15711560249328613
gemma4_e2b_all_legal_moves_v4,e2b,Gemma 4 E2B,16,0,0.256,0.14955272674560546
gemma4_e2b_all_legal_moves_v4,e2b,Gemma 4 E2B,16,0,0.26666666666666666,0.14116909503936767
gemma4_e2b_all_legal_moves_v4,e2b,Gemma 4 E2B,16,0,0.2773333333333333,0.14437650442123412
gemma4_e2b_all_legal_moves_v4,e2b,Gemma 4 E2B,16,0,0.288,0.12045109272003174
gemma4_e2b_all_legal_moves_v4,e2b,Gemma 4 E2B,16,0,0.2986666666666667,0.11280964612960816
gemma4_e2b_all_legal_moves_v4,e2b,Gemma 4 E2B,16,0,0.30933333333333335,0.10722107887268066
gemma4_e2b_all_legal_moves_v4,e2b,Gemma 4 E2B,16,0,0.32,0.10100057125091552
gemma4_e2b_all_legal_moves_v4,e2b,Gemma 4 E2B,16,0,0.33066666666666666,0.10514558553695678
gemma4_e2b_all_legal_moves_v4,e2b,Gemma 4 E2B,16,0,0.3413333333333333,0.11129527091979981
gemma4_e2b_all_legal_moves_v4,e2b,Gemma 4 E2B,16,0,0.352,0.10310635566711426
gemma4_e2b_all_legal_moves_v4,e2b,Gemma 4 E2B,16,0,0.3626666666666667,0.10333119630813599
gemma4_e2b_all_legal_moves_v4,e2b,Gemma 4 E2B,16,0,0.37333333333333335,0.10029795169830322
gemma4_e2b_all_legal_moves_v4,e2b,Gemma 4 E2B,16,0,0.384,0.09978780746459961
gemma4_e2b_all_legal_moves_v4,e2b,Gemma 4 E2B,16,0,0.39466666666666667,0.1128161907196045
gemma4_e2b_all_legal_moves_v4,e2b,Gemma 4 E2B,16,0,0.4053333333333333,0.11456457376480103
gemma4_e2b_all_legal_moves_v4,e2b,Gemma 4 E2B,16,0,0.416,0.11549032926559448
gemma4_e2b_all_legal_moves_v4,e2b,Gemma 4 E2B,16,0,0.4266666666666667,0.1118631362915039
gemma4_e2b_all_legal_moves_v4,e2b,Gemma 4 E2B,16,0,0.43733333333333335,0.09940290451049805
gemma4_e2b_all_legal_moves_v4,e2b,Gemma 4 E2B,16,0,0.448,0.09067158102989196
gemma4_e2b_all_legal_moves_v4,e2b,Gemma 4 E2B,16,0,0.45866666666666667,0.08396894335746766
gemma4_e2b_all_legal_moves_v4,e2b,Gemma 4 E2B,16,0,0.4693333333333333,0.07899268865585327
gemma4_e2b_all_legal_moves_v4,e2b,Gemma 4 E2B,16,0,0.48,0.07993510365486145
gemma4_e2b_all_legal_moves_v4,e2b,Gemma 4 E2B,16,0,0.49066666666666664,0.08385220170021057
gemma4_e2b_all_legal_moves_v4,e2b,Gemma 4 E2B,16,0,0.5013333333333333,0.08146967887878417
gemma4_e2b_all_legal_moves_v4,e2b,Gemma 4 E2B,16,0,0.512,0.08570653200149536
gemma4_e2b_all_legal_moves_v4,e2b,Gemma 4 E2B,16,0,0.5226666666666666,0.08461170196533203
gemma4_e2b_all_legal_moves_v4,e2b,Gemma 4 E2B,16,0,0.5333333333333333,0.0798297643661499
gemma4_e2b_all_legal_moves_v4,e2b,Gemma 4 E2B,16,0,0.544,0.0898941695690155
gemma4_e2b_all_legal_moves_v4,e2b,Gemma 4 E2B,16,0,0.5546666666666666,0.10205538272857666
gemma4_e2b_all_legal_moves_v4,e2b,Gemma 4 E2B,16,0,0.5653333333333334,0.10281542539596558
gemma4_e2b_all_legal_moves_v4,e2b,Gemma 4 E2B,16,0,0.576,0.10526986122131347
gemma4_e2b_all_legal_moves_v4,e2b,Gemma 4 E2B,16,0,0.5866666666666667,0.08610882759094238
gemma4_e2b_all_legal_moves_v4,e2b,Gemma 4 E2B,16,0,0.5973333333333334,0.07810279726982117
gemma4_e2b_all_legal_moves_v4,e2b,Gemma 4 E2B,16,0,0.608,0.07699569463729858
gemma4_e2b_all_legal_moves_v4,e2b,Gemma 4 E2B,16,0,0.6186666666666667,0.07272947430610657
gemma4_e2b_all_legal_moves_v4,e2b,Gemma 4 E2B,16,0,0.6293333333333333,0.06860682964324952
gemma4_e2b_all_legal_moves_v4,e2b,Gemma 4 E2B,16,0,0.64,0.07344892621040344
gemma4_e2b_all_legal_moves_v4,e2b,Gemma 4 E2B,16,0,0.6506666666666666,0.07584484219551087
gemma4_e2b_all_legal_moves_v4,e2b,Gemma 4 E2B,16,0,0.6613333333333333,0.07441229820251465
gemma4_e2b_all_legal_moves_v4,e2b,Gemma 4 E2B,16,0,0.672,0.0733406126499176
gemma4_e2b_all_legal_moves_v4,e2b,Gemma 4 E2B,16,0,0.6826666666666666,0.07379522919654846
gemma4_e2b_all_legal_moves_v4,e2b,Gemma 4 E2B,16,0,0.6933333333333334,0.08333882093429565
gemma4_e2b_all_legal_moves_v4,e2b,Gemma 4 E2B,16,0,0.704,0.09536556601524353
gemma4_e2b_all_legal_moves_v4,e2b,Gemma 4 E2B,16,0,0.7146666666666667,0.09542983174324035
gemma4_e2b_all_legal_moves_v4,e2b,Gemma 4 E2B,16,0,0.7253333333333334,0.09020078182220459
gemma4_e2b_all_legal_moves_v4,e2b,Gemma 4 E2B,16,0,0.736,0.07738403081893921
gemma4_e2b_all_legal_moves_v4,e2b,Gemma 4 E2B,16,0,0.7466666666666667,0.0694482982158661
gemma4_e2b_all_legal_moves_v4,e2b,Gemma 4 E2B,16,0,0.7573333333333333,0.06551384925842285
gemma4_e2b_all_legal_moves_v4,e2b,Gemma 4 E2B,16,0,0.768,0.06571065783500671
gemma4_e2b_all_legal_moves_v4,e2b,Gemma 4 E2B,16,0,0.7786666666666666,0.06684223413467408
gemma4_e2b_all_legal_moves_v4,e2b,Gemma 4 E2B,16,0,0.7893333333333333,0.06622686386108398
gemma4_e2b_all_legal_moves_v4,e2b,Gemma 4 E2B,16,0,0.8,0.06643423438072205
gemma4_e2b_all_legal_moves_v4,e2b,Gemma 4 E2B,16,0,0.8106666666666666,0.07141298055648804
gemma4_e2b_all_legal_moves_v4,e2b,Gemma 4 E2B,16,0,0.8213333333333334,0.09632788896560669
gemma4_e2b_all_legal_moves_v4,e2b,Gemma 4 E2B,16,0,0.832,0.09536677598953247
gemma4_e2b_all_legal_moves_v4,e2b,Gemma 4 E2B,16,0,0.8426666666666667,0.08613147735595703
gemma4_e2b_all_legal_moves_v4,e2b,Gemma 4 E2B,16,0,0.8533333333333334,0.07099751830101013
gemma4_e2b_all_legal_moves_v4,e2b,Gemma 4 E2B,16,0,0.864,0.07506093382835388
gemma4_e2b_all_legal_moves_v4,e2b,Gemma 4 E2B,16,0,0.8746666666666667,0.059930437803268434
gemma4_e2b_all_legal_moves_v4,e2b,Gemma 4 E2B,16,0,0.8853333333333333,0.06742292642593384
gemma4_e2b_all_legal_moves_v4,e2b,Gemma 4 E2B,16,0,0.896,0.06429177522659302
gemma4_e2b_all_legal_moves_v4,e2b,Gemma 4 E2B,16,0,0.9066666666666666,0.07872576713562011
gemma4_e2b_all_legal_moves_v4,e2b,Gemma 4 E2B,16,0,0.9173333333333333,0.08843324780464172
gemma4_e2b_all_legal_moves_v4,e2b,Gemma 4 E2B,16,0,0.928,0.07403786182403564
gemma4_e2b_all_legal_moves_v4,e2b,Gemma 4 E2B,16,0,0.9386666666666666,0.082066011428833
gemma4_e2b_all_legal_moves_v4,e2b,Gemma 4 E2B,16,0,0.9493333333333334,0.06620930433273316
gemma4_e2b_all_legal_moves_v4,e2b,Gemma 4 E2B,16,0,0.96,0.0616374671459198
gemma4_e2b_all_legal_moves_v4,e2b,Gemma 4 E2B,16,0,0.9706666666666667,0.0809694766998291
gemma4_e2b_all_legal_moves_v4,e2b,Gemma 4 E2B,16,0,0.9813333333333333,0.07673670053482055
gemma4_e2b_all_legal_moves_v4,e2b,Gemma 4 E2B,16,0,0.992,0.0852842926979065
gemma4_e2b_all_legal_moves_v4,e2b,Gemma 4 E2B,16,0,1.0026666666666666,0.07630940675735473
gemma4_e2b_all_legal_moves_v4,e2b,Gemma 4 E2B,16,0,1.0133333333333334,0.05319355726242066
gemma4_e2b_all_legal_moves_v4,e2b,Gemma 4 E2B,16,0,1.024,0.054426127672195436
gemma4_e2b_all_legal_moves_v4,e2b,Gemma 4 E2B,16,0,1.0346666666666666,0.05693986415863037
gemma4_e2b_all_legal_moves_v4,e2b,Gemma 4 E2B,16,0,1.0453333333333332,0.07213730216026307
gemma4_e2b_all_legal_moves_v4,e2b,Gemma 4 E2B,16,0,1.056,0.0797839641571045
gemma4_e2b_all_legal_moves_v4,e2b,Gemma 4 E2B,16,0,1.0666666666666667,0.05462000966072082
gemma4_e2b_all_legal_moves_v4,e2b,Gemma 4 E2B,16,0,1.0773333333333333,0.052415496110916136
gemma4_e2b_all_legal_moves_v4,e2b,Gemma 4 E2B,16,0,1.088,0.04954823851585388
gemma4_e2b_all_legal_moves_v4,e2b,Gemma 4 E2B,16,0,1.0986666666666667,0.05607655644416809
gemma4_e2b_all_legal_moves_v4,e2b,Gemma 4 E2B,16,0,1.1093333333333333,0.05561754107475281
gemma4_e2b_all_legal_moves_v4,e2b,Gemma 4 E2B,16,0,1.12,0.05582902431488037
gemma4_e2b_all_legal_moves_v4,e2b,Gemma 4 E2B,16,0,1.1306666666666667,0.06689046621322632
gemma4_e2b_all_legal_moves_v4,e2b,Gemma 4 E2B,16,0,1.1413333333333333,0.06527878642082215
gemma4_e2b_all_legal_moves_v4,e2b,Gemma 4 E2B,16,0,1.152,0.06394512057304383
gemma4_e2b_all_legal_moves_v4,e2b,Gemma 4 E2B,16,0,1.1626666666666667,0.05364079475402832
gemma4_e2b_all_legal_moves_v4,e2b,Gemma 4 E2B,16,0,1.1733333333333333,0.05147612690925598
gemma4_e2b_all_legal_moves_v4,e2b,Gemma 4 E2B,16,0,1.184,0.048192974925041196
gemma4_e2b_all_legal_moves_v4,e2b,Gemma 4 E2B,16,0,1.1946666666666665,0.05029972791671753
gemma4_e2b_all_legal_moves_v4,e2b,Gemma 4 E2B,16,0,1.2053333333333334,0.0518068790435791
gemma4_e2b_all_legal_moves_v4,e2b,Gemma 4 E2B,16,0,1.216,0.04911165237426758
gemma4_e2b_all_legal_moves_v4,e2b,Gemma 4 E2B,16,0,1.2266666666666666,0.04983170628547669
gemma4_e2b_all_legal_moves_v4,e2b,Gemma 4 E2B,16,0,1.2373333333333334,0.05466442108154297
gemma4_e2b_all_legal_moves_v4,e2b,Gemma 4 E2B,16,0,1.248,0.06421400904655457
gemma4_e2b_all_legal_moves_v4,e2b,Gemma 4 E2B,16,0,1.2586666666666666,0.06707619428634644
gemma4_e2b_all_legal_moves_v4,e2b,Gemma 4 E2B,16,0,1.2693333333333334,0.06342206001281739
gemma4_e2b_all_legal_moves_v4,e2b,Gemma 4 E2B,16,0,1.28,0.05587218999862671
gemma4_e2b_all_legal_moves_v4,e2b,Gemma 4 E2B,16,0,1.2906666666666666,0.04869231581687927
gemma4_e2b_all_legal_moves_v4,e2b,Gemma 4 E2B,16,0,1.3013333333333335,0.048756012320518495
gemma4_e2b_all_legal_moves_v4,e2b,Gemma 4 E2B,16,0,1.312,0.0470391184091568
gemma4_e2b_all_legal_moves_v4,e2b,Gemma 4 E2B,16,0,1.3226666666666667,0.046853137016296384
gemma4_e2b_all_legal_moves_v4,e2b,Gemma 4 E2B,16,0,1.3333333333333333,0.04835315644741058
gemma4_e2b_all_legal_moves_v4,e2b,Gemma 4 E2B,16,0,1.3439999999999999,0.047681105136871335
gemma4_e2b_all_legal_moves_v4,e2b,Gemma 4 E2B,16,0,1.3546666666666667,0.046957334876060484
gemma4_e2b_all_legal_moves_v4,e2b,Gemma 4 E2B,16,0,1.3653333333333333,0.04709649980068207
gemma4_e2b_all_legal_moves_v4,e2b,Gemma 4 E2B,16,0,1.376,0.04705222249031067
gemma4_e2b_all_legal_moves_v4,e2b,Gemma 4 E2B,16,0,1.3866666666666667,0.04935498237609863
gemma4_e2b_all_legal_moves_v4,e2b,Gemma 4 E2B,16,0,1.3973333333333333,0.06337817311286927
gemma4_e2b_all_legal_moves_v4,e2b,Gemma 4 E2B,16,0,1.408,0.06358200907707215
gemma4_e2b_all_legal_moves_v4,e2b,Gemma 4 E2B,16,0,1.4186666666666667,0.06264424324035645
gemma4_e2b_all_legal_moves_v4,e2b,Gemma 4 E2B,16,0,1.4293333333333333,0.059967261552810666
gemma4_e2b_all_legal_moves_v4,e2b,Gemma 4 E2B,16,0,1.44,0.05194556713104248
gemma4_e2b_all_legal_moves_v4,e2b,Gemma 4 E2B,16,0,1.4506666666666668,0.04629259407520294
gemma4_e2b_all_legal_moves_v4,e2b,Gemma 4 E2B,16,0,1.4613333333333334,0.04419524073600769
gemma4_e2b_all_legal_moves_v4,e2b,Gemma 4 E2B,16,0,1.472,0.04235788583755493
gemma4_e2b_all_legal_moves_v4,e2b,Gemma 4 E2B,16,0,1.4826666666666668,0.04170905947685242
gemma4_e2b_all_legal_moves_v4,e2b,Gemma 4 E2B,16,0,1.4933333333333334,0.04587797224521637
gemma4_e2b_all_legal_moves_v4,e2b,Gemma 4 E2B,16,0,1.504,0.04304674565792084
gemma4_e2b_all_legal_moves_v4,e2b,Gemma 4 E2B,16,0,1.5146666666666668,0.04695042073726654
gemma4_e2b_all_legal_moves_v4,e2b,Gemma 4 E2B,16,0,1.5253333333333332,0.043240109086036684
gemma4_e2b_all_legal_moves_v4,e2b,Gemma 4 E2B,16,0,1.536,0.04207639396190643
gemma4_e2b_all_legal_moves_v4,e2b,Gemma 4 E2B,16,0,1.5466666666666666,0.056749725341796876
gemma4_e2b_all_legal_moves_v4,e2b,Gemma 4 E2B,16,0,1.5573333333333332,0.061095303297042845
gemma4_e2b_all_legal_moves_v4,e2b,Gemma 4 E2B,16,0,1.568,0.06096211075782776
gemma4_e2b_all_legal_moves_v4,e2b,Gemma 4 E2B,16,0,1.5786666666666667,0.0632348895072937
gemma4_e2b_all_legal_moves_v4,e2b,Gemma 4 E2B,16,0,1.5893333333333333,0.04746812283992767
gemma4_e2b_all_legal_moves_v4,e2b,Gemma 4 E2B,16,0,1.6,0.045289283990859984
gemma4_e2b_all_legal_moves_v4,e2b,Gemma 4 E2B,16,0,1.6106666666666667,0.04458057582378387
gemma4_e2b_all_legal_moves_v4,e2b,Gemma 4 E2B,16,0,1.6213333333333333,0.04317181408405304
gemma4_e2b_all_legal_moves_v4,e2b,Gemma 4 E2B,16,0,1.6320000000000001,0.039988201856613156
gemma4_e2b_all_legal_moves_v4,e2b,Gemma 4 E2B,16,0,1.6426666666666667,0.042695248126983644
gemma4_e2b_all_legal_moves_v4,e2b,Gemma 4 E2B,16,0,1.6533333333333333,0.04398786127567291
gemma4_e2b_all_legal_moves_v4,e2b,Gemma 4 E2B,16,0,1.6640000000000001,0.04075599014759064
gemma4_e2b_all_legal_moves_v4,e2b,Gemma 4 E2B,16,0,1.6746666666666665,0.0405573308467865
gemma4_e2b_all_legal_moves_v4,e2b,Gemma 4 E2B,16,0,1.6853333333333333,0.04194287657737732
gemma4_e2b_all_legal_moves_v4,e2b,Gemma 4 E2B,16,0,1.696,0.05490102767944336
gemma4_e2b_all_legal_moves_v4,e2b,Gemma 4 E2B,16,0,1.7066666666666666,0.06287471055984498
gemma4_e2b_all_legal_moves_v4,e2b,Gemma 4 E2B,16,0,1.7173333333333334,0.06056492924690247
gemma4_e2b_all_legal_moves_v4,e2b,Gemma 4 E2B,16,0,1.728,0.05779861211776734
gemma4_e2b_all_legal_moves_v4,e2b,Gemma 4 E2B,16,0,1.7386666666666666,0.04256531298160553
gemma4_e2b_all_legal_moves_v4,e2b,Gemma 4 E2B,16,0,1.7493333333333334,0.04241656959056854
gemma4_e2b_all_legal_moves_v4,e2b,Gemma 4 E2B,16,0,1.76,0.03989677429199219
gemma4_e2b_all_legal_moves_v4,e2b,Gemma 4 E2B,16,0,1.7706666666666666,0.037945222854614255
gemma4_e2b_all_legal_moves_v4,e2b,Gemma 4 E2B,16,0,1.7813333333333334,0.03914599418640137
gemma4_e2b_all_legal_moves_v4,e2b,Gemma 4 E2B,16,0,1.792,0.039816933870315555
gemma4_e2b_all_legal_moves_v4,e2b,Gemma 4 E2B,16,0,1.8026666666666666,0.039580044150352475
gemma4_e2b_all_legal_moves_v4,e2b,Gemma 4 E2B,16,0,1.8133333333333335,0.052306371927261355
gemma4_e2b_all_legal_moves_v4,e2b,Gemma 4 E2B,16,0,1.8239999999999998,0.06342312693595886
gemma4_e2b_all_legal_moves_v4,e2b,Gemma 4 E2B,16,0,1.8346666666666667,0.06565850973129272
gemma4_e2b_all_legal_moves_v4,e2b,Gemma 4 E2B,16,0,1.8453333333333335,0.04770088791847229
gemma4_e2b_all_legal_moves_v4,e2b,Gemma 4 E2B,16,0,1.8559999999999999,0.04347988963127136
gemma4_e2b_all_legal_moves_v4,e2b,Gemma 4 E2B,16,0,1.8666666666666667,0.04461151361465454
gemma4_e2b_all_legal_moves_v4,e2b,Gemma 4 E2B,16,0,1.8773333333333333,0.038089022040367126
gemma4_e2b_all_legal_moves_v4,e2b,Gemma 4 E2B,16,0,1.888,0.03953830301761627
gemma4_e2b_all_legal_moves_v4,e2b,Gemma 4 E2B,16,0,1.8986666666666667,0.03718889653682709
gemma4_e2b_all_legal_moves_v4,e2b,Gemma 4 E2B,16,0,1.9093333333333333,0.05483277440071106
gemma4_e2b_all_legal_moves_v4,e2b,Gemma 4 E2B,16,0,1.92,0.06283472180366516
gemma4_e2b_all_legal_moves_v4,e2b,Gemma 4 E2B,16,0,1.9306666666666668,0.04378800988197327
gemma4_e2b_all_legal_moves_v4,e2b,Gemma 4 E2B,16,0,1.9413333333333334,0.054058128595352174
gemma4_e2b_all_legal_moves_v4,e2b,Gemma 4 E2B,16,0,1.952,0.03824076354503632
gemma4_e2b_all_legal_moves_v4,e2b,Gemma 4 E2B,16,0,1.9626666666666668,0.03978405296802521
gemma4_e2b_all_legal_moves_v4,e2b,Gemma 4 E2B,16,0,1.9733333333333334,0.06062459349632263
gemma4_e2b_all_legal_moves_v4,e2b,Gemma 4 E2B,16,0,1.984,0.05158199667930603
gemma4_e2b_all_legal_moves_v4,e2b,Gemma 4 E2B,16,0,1.9946666666666668,0.053013527393341066
gemma4_e2b_all_legal_moves_v4,e2b,Gemma 4 E2B,16,0,2.005333333333333,0.04602428376674652
gemma4_e2b_all_legal_moves_v4,e2b,Gemma 4 E2B,16,0,2.016,0.03311751186847687
gemma4_e2b_all_legal_moves_v4,e2b,Gemma 4 E2B,16,0,2.026666666666667,0.03381102979183197
gemma4_e2b_all_legal_moves_v4,e2b,Gemma 4 E2B,16,0,2.037333333333333,0.038905775547027587
gemma4_e2b_all_legal_moves_v4,e2b,Gemma 4 E2B,16,0,2.048,0.05204255580902099
gemma4_e2b_all_legal_moves_v4,e2b,Gemma 4 E2B,16,0,2.058666666666667,0.04721397757530212
gemma4_e2b_all_legal_moves_v4,e2b,Gemma 4 E2B,16,0,2.0693333333333332,0.03370426893234253
gemma4_e2b_all_legal_moves_v4,e2b,Gemma 4 E2B,16,0,2.08,0.03265400528907776
gemma4_e2b_all_legal_moves_v4,e2b,Gemma 4 E2B,16,0,2.0906666666666665,0.031338867545127866
gemma4_e2b_all_legal_moves_v4,e2b,Gemma 4 E2B,16,0,2.1013333333333333,0.03275246024131775
gemma4_e2b_all_legal_moves_v4,e2b,Gemma 4 E2B,16,0,2.112,0.03243821561336517
gemma4_e2b_all_legal_moves_v4,e2b,Gemma 4 E2B,16,0,2.1226666666666665,0.04029948115348816
gemma4_e2b_all_legal_moves_v4,e2b,Gemma 4 E2B,16,0,2.1333333333333333,0.04326091408729553
gemma4_e2b_all_legal_moves_v4,e2b,Gemma 4 E2B,16,0,2.144,0.04165968894958496
gemma4_e2b_all_legal_moves_v4,e2b,Gemma 4 E2B,16,0,2.1546666666666665,0.0378030002117157
gemma4_e2b_all_legal_moves_v4,e2b,Gemma 4 E2B,16,0,2.1653333333333333,0.032990026473999026
gemma4_e2b_all_legal_moves_v4,e2b,Gemma 4 E2B,16,0,2.176,0.030639597773551942
gemma4_e2b_all_legal_moves_v4,e2b,Gemma 4 E2B,16,0,2.1866666666666665,0.0291372150182724
gemma4_e2b_all_legal_moves_v4,e2b,Gemma 4 E2B,16,0,2.1973333333333334,0.03103291690349579
gemma4_e2b_all_legal_moves_v4,e2b,Gemma 4 E2B,16,0,2.208,0.029773473739624023
gemma4_e2b_all_legal_moves_v4,e2b,Gemma 4 E2B,16,0,2.2186666666666666,0.028553307056427002
gemma4_e2b_all_legal_moves_v4,e2b,Gemma 4 E2B,16,0,2.2293333333333334,0.029917722940444945
gemma4_e2b_all_legal_moves_v4,e2b,Gemma 4 E2B,16,0,2.24,0.035850000381469724
gemma4_e2b_all_legal_moves_v4,e2b,Gemma 4 E2B,16,0,2.2506666666666666,0.04742527306079865
gemma4_e2b_all_legal_moves_v4,e2b,Gemma 4 E2B,16,0,2.2613333333333334,0.04394439160823822
gemma4_e2b_all_legal_moves_v4,e2b,Gemma 4 E2B,16,0,2.2720000000000002,0.03903377056121826
gemma4_e2b_all_legal_moves_v4,e2b,Gemma 4 E2B,16,0,2.2826666666666666,0.0324767529964447
gemma4_e2b_all_legal_moves_v4,e2b,Gemma 4 E2B,16,0,2.2933333333333334,0.03203575909137726
gemma4_e2b_all_legal_moves_v4,e2b,Gemma 4 E2B,16,0,2.304,0.029357439279556273
gemma4_e2b_all_legal_moves_v4,e2b,Gemma 4 E2B,16,0,2.3146666666666667,0.029724285006523132
gemma4_e2b_all_legal_moves_v4,e2b,Gemma 4 E2B,16,0,2.3253333333333335,0.030110859870910646
gemma4_e2b_all_legal_moves_v4,e2b,Gemma 4 E2B,16,0,2.336,0.029095730185508727
gemma4_e2b_all_legal_moves_v4,e2b,Gemma 4 E2B,16,0,2.3466666666666667,0.029359644651412962
gemma4_e2b_all_legal_moves_v4,e2b,Gemma 4 E2B,16,0,2.3573333333333335,0.027305737137794495
gemma4_e2b_all_legal_moves_v4,e2b,Gemma 4 E2B,16,0,2.368,0.028688278794288636
gemma4_e2b_all_legal_moves_v4,e2b,Gemma 4 E2B,16,0,2.3786666666666667,0.028598153591156007
gemma4_e2b_all_legal_moves_v4,e2b,Gemma 4 E2B,16,0,2.389333333333333,0.035277357697486876
gemma4_e2b_all_legal_moves_v4,e2b,Gemma 4 E2B,16,0,2.4,0.0421918123960495
gemma4_e2b_all_legal_moves_v4,e2b,Gemma 4 E2B,16,0,2.4106666666666667,0.044945284724235535
gemma4_e2b_all_legal_moves_v4,e2b,Gemma 4 E2B,16,0,2.421333333333333,0.04150426983833313
gemma4_e2b_all_legal_moves_v4,e2b,Gemma 4 E2B,16,0,2.432,0.03396030962467193
gemma4_e2b_all_legal_moves_v4,e2b,Gemma 4 E2B,16,0,2.4426666666666668,0.030980253219604494
gemma4_e2b_all_legal_moves_v4,e2b,Gemma 4 E2B,16,0,2.453333333333333,0.02741507291793823
gemma4_e2b_all_legal_moves_v4,e2b,Gemma 4 E2B,16,0,2.464,0.02766788601875305
gemma4_e2b_all_legal_moves_v4,e2b,Gemma 4 E2B,16,0,2.474666666666667,0.028244215250015258
gemma4_e2b_all_legal_moves_v4,e2b,Gemma 4 E2B,16,0,2.485333333333333,0.02686430513858795
gemma4_e2b_all_legal_moves_v4,e2b,Gemma 4 E2B,16,0,2.496,0.02741023600101471
gemma4_e2b_all_legal_moves_v4,e2b,Gemma 4 E2B,16,0,2.506666666666667,0.027151823043823242
gemma4_e2b_all_legal_moves_v4,e2b,Gemma 4 E2B,16,0,2.517333333333333,0.029080882668495178
gemma4_e2b_all_legal_moves_v4,e2b,Gemma 4 E2B,16,0,2.528,0.024985016882419588
gemma4_e2b_all_legal_moves_v4,e2b,Gemma 4 E2B,16,0,2.538666666666667,0.026992911100387575
gemma4_e2b_all_legal_moves_v4,e2b,Gemma 4 E2B,16,0,2.5493333333333332,0.040922537446022034
gemma4_e2b_all_legal_moves_v4,e2b,Gemma 4 E2B,16,0,2.56,0.043561112880706784
gemma4_e2b_all_legal_moves_v4,e2b,Gemma 4 E2B,16,0,2.570666666666667,0.04581589102745056
gemma4_e2b_all_legal_moves_v4,e2b,Gemma 4 E2B,16,0,2.5813333333333333,0.040812262892723085
gemma4_e2b_all_legal_moves_v4,e2b,Gemma 4 E2B,16,0,2.592,0.028930076956748964
gemma4_e2b_all_legal_moves_v4,e2b,Gemma 4 E2B,16,0,2.602666666666667,0.030484861135482787
gemma4_e2b_all_legal_moves_v4,e2b,Gemma 4 E2B,16,0,2.6133333333333333,0.028120175004005432
gemma4_e2b_all_legal_moves_v4,e2b,Gemma 4 E2B,16,0,2.624,0.027051305770874022
gemma4_e2b_all_legal_moves_v4,e2b,Gemma 4 E2B,16,0,2.634666666666667,0.02613997757434845
gemma4_e2b_all_legal_moves_v4,e2b,Gemma 4 E2B,16,0,2.6453333333333333,0.02763805091381073
gemma4_e2b_all_legal_moves_v4,e2b,Gemma 4 E2B,16,0,2.656,0.025934523344039916
gemma4_e2b_all_legal_moves_v4,e2b,Gemma 4 E2B,16,0,2.6666666666666665,0.026199477910995483
gemma4_e2b_all_legal_moves_v4,e2b,Gemma 4 E2B,16,0,2.6773333333333333,0.02497602105140686
gemma4_e2b_all_legal_moves_v4,e2b,Gemma 4 E2B,16,0,2.6879999999999997,0.02716578245162964
gemma4_e2b_all_legal_moves_v4,e2b,Gemma 4 E2B,16,0,2.6986666666666665,0.041533148288726805
gemma4_e2b_all_legal_moves_v4,e2b,Gemma 4 E2B,16,0,2.7093333333333334,0.04256660044193268
gemma4_e2b_all_legal_moves_v4,e2b,Gemma 4 E2B,16,0,2.7199999999999998,0.042981043457984924
gemma4_e2b_all_legal_moves_v4,e2b,Gemma 4 E2B,16,0,2.7306666666666666,0.036005109548568726
gemma4_e2b_all_legal_moves_v4,e2b,Gemma 4 E2B,16,0,2.7413333333333334,0.02732999622821808
gemma4_e2b_all_legal_moves_v4,e2b,Gemma 4 E2B,16,0,2.752,0.0281660795211792
gemma4_e2b_all_legal_moves_v4,e2b,Gemma 4 E2B,16,0,2.7626666666666666,0.02715803384780884
gemma4_e2b_all_legal_moves_v4,e2b,Gemma 4 E2B,16,0,2.7733333333333334,0.02659763991832733
gemma4_e2b_all_legal_moves_v4,e2b,Gemma 4 E2B,16,0,2.784,0.025107306241989136
gemma4_e2b_all_legal_moves_v4,e2b,Gemma 4 E2B,16,0,2.7946666666666666,0.026482632756233214
gemma4_e2b_all_legal_moves_v4,e2b,Gemma 4 E2B,16,0,2.8053333333333335,0.02600238025188446
gemma4_e2b_all_legal_moves_v4,e2b,Gemma 4 E2B,16,0,2.816,0.0416192501783371
gemma4_e2b_all_legal_moves_v4,e2b,Gemma 4 E2B,16,0,2.8266666666666667,0.04503572285175324
gemma4_e2b_all_legal_moves_v4,e2b,Gemma 4 E2B,16,0,2.8373333333333335,0.04398628175258636
gemma4_e2b_all_legal_moves_v4,e2b,Gemma 4 E2B,16,0,2.848,0.0272987961769104
gemma4_e2b_all_legal_moves_v4,e2b,Gemma 4 E2B,16,0,2.8586666666666667,0.03343309164047241
gemma4_e2b_all_legal_moves_v4,e2b,Gemma 4 E2B,16,0,2.8693333333333335,0.02828233540058136
gemma4_e2b_all_legal_moves_v4,e2b,Gemma 4 E2B,16,0,2.88,0.028088170289993285
gemma4_e2b_all_legal_moves_v4,e2b,Gemma 4 E2B,16,0,2.8906666666666667,0.02600739896297455
gemma4_e2b_all_legal_moves_v4,e2b,Gemma 4 E2B,16,0,2.9013333333333335,0.02663784325122833
gemma4_e2b_all_legal_moves_v4,e2b,Gemma 4 E2B,16,0,2.912,0.0415966659784317
gemma4_e2b_all_legal_moves_v4,e2b,Gemma 4 E2B,16,0,2.9226666666666667,0.042986446619033815
gemma4_e2b_all_legal_moves_v4,e2b,Gemma 4 E2B,16,0,2.9333333333333336,0.03330555558204651
gemma4_e2b_all_legal_moves_v4,e2b,Gemma 4 E2B,16,0,2.944,0.03543788194656372
gemma4_e2b_all_legal_moves_v4,e2b,Gemma 4 E2B,16,0,2.9546666666666668,0.025757068395614625
gemma4_e2b_all_legal_moves_v4,e2b,Gemma 4 E2B,16,0,2.9653333333333336,0.0322184294462204
gemma4_e2b_all_legal_moves_v4,e2b,Gemma 4 E2B,16,0,2.976,0.041639906167984006
gemma4_e2b_all_legal_moves_v4,e2b,Gemma 4 E2B,16,0,2.986666666666667,0.03841925859451294
gemma4_e2b_all_legal_moves_v4,e2b,Gemma 4 E2B,16,0,2.997333333333333,0.03728223741054535
gemma4_e2b_all_legal_moves_v4,e2b,Gemma 4 E2B,16,0,3.008,0.02718104124069214
gemma4_e2b_all_legal_moves_v4,e2b,Gemma 4 E2B,16,0,3.018666666666667,0.022446112334728242
gemma4_e2b_all_legal_moves_v4,e2b,Gemma 4 E2B,16,0,3.029333333333333,0.0213390052318573
gemma4_e2b_all_legal_moves_v4,e2b,Gemma 4 E2B,16,0,3.04,0.030932629108428956
gemma4_e2b_all_legal_moves_v4,e2b,Gemma 4 E2B,16,0,3.050666666666667,0.03819339275360108
gemma4_e2b_all_legal_moves_v4,e2b,Gemma 4 E2B,16,0,3.0613333333333332,0.02925209403038025
gemma4_e2b_all_legal_moves_v4,e2b,Gemma 4 E2B,16,0,3.072,0.022283540666103364
gemma4_e2b_all_legal_moves_v4,e2b,Gemma 4 E2B,16,0,3.0826666666666664,0.022623245418071748
gemma4_e2b_all_legal_moves_v4,e2b,Gemma 4 E2B,16,0,3.0933333333333333,0.021976402401924132
gemma4_e2b_all_legal_moves_v4,e2b,Gemma 4 E2B,16,0,3.104,0.02186374068260193
gemma4_e2b_all_legal_moves_v4,e2b,Gemma 4 E2B,16,0,3.1146666666666665,0.023504550755023956
gemma4_e2b_all_legal_moves_v4,e2b,Gemma 4 E2B,16,0,3.1253333333333333,0.030892357230186462
gemma4_e2b_all_legal_moves_v4,e2b,Gemma 4 E2B,16,0,3.136,0.03316355347633362
gemma4_e2b_all_legal_moves_v4,e2b,Gemma 4 E2B,16,0,3.1466666666666665,0.03028863072395325
gemma4_e2b_all_legal_moves_v4,e2b,Gemma 4 E2B,16,0,3.1573333333333333,0.024769009649753572
gemma4_e2b_all_legal_moves_v4,e2b,Gemma 4 E2B,16,0,3.168,0.02307424396276474
gemma4_e2b_all_legal_moves_v4,e2b,Gemma 4 E2B,16,0,3.1786666666666665,0.022044579684734344
gemma4_e2b_all_legal_moves_v4,e2b,Gemma 4 E2B,16,0,3.1893333333333334,0.019871003925800323
gemma4_e2b_all_legal_moves_v4,e2b,Gemma 4 E2B,16,0,3.2,0.020911306142807007
gemma4_e2b_all_legal_moves_v4,e2b,Gemma 4 E2B,16,0,3.2106666666666666,0.02038687318563461
gemma4_e2b_all_legal_moves_v4,e2b,Gemma 4 E2B,16,0,3.2213333333333334,0.019762392342090606
gemma4_e2b_all_legal_moves_v4,e2b,Gemma 4 E2B,16,0,3.232,0.020598016679286957
gemma4_e2b_all_legal_moves_v4,e2b,Gemma 4 E2B,16,0,3.2426666666666666,0.028316515684127807
gemma4_e2b_all_legal_moves_v4,e2b,Gemma 4 E2B,16,0,3.2533333333333334,0.033791175484657286
gemma4_e2b_all_legal_moves_v4,e2b,Gemma 4 E2B,16,0,3.2640000000000002,0.0328693151473999
gemma4_e2b_all_legal_moves_v4,e2b,Gemma 4 E2B,16,0,3.2746666666666666,0.02507198750972748
gemma4_e2b_all_legal_moves_v4,e2b,Gemma 4 E2B,16,0,3.2853333333333334,0.022297173738479614
gemma4_e2b_all_legal_moves_v4,e2b,Gemma 4 E2B,16,0,3.296,0.02244078665971756
gemma4_e2b_all_legal_moves_v4,e2b,Gemma 4 E2B,16,0,3.3066666666666666,0.02191781997680664
gemma4_e2b_all_legal_moves_v4,e2b,Gemma 4 E2B,16,0,3.3173333333333335,0.022317340970039366
gemma4_e2b_all_legal_moves_v4,e2b,Gemma 4 E2B,16,0,3.328,0.0205395370721817
gemma4_e2b_all_legal_moves_v4,e2b,Gemma 4 E2B,16,0,3.3386666666666667,0.02044782191514969
gemma4_e2b_all_legal_moves_v4,e2b,Gemma 4 E2B,16,0,3.3493333333333335,0.020312006771564483
gemma4_e2b_all_legal_moves_v4,e2b,Gemma 4 E2B,16,0,3.36,0.01873757392168045
gemma4_e2b_all_legal_moves_v4,e2b,Gemma 4 E2B,16,0,3.3706666666666667,0.019970889389514922
gemma4_e2b_all_legal_moves_v4,e2b,Gemma 4 E2B,16,0,3.3813333333333335,0.020195044577121735
gemma4_e2b_all_legal_moves_v4,e2b,Gemma 4 E2B,16,0,3.392,0.028141582012176515
gemma4_e2b_all_legal_moves_v4,e2b,Gemma 4 E2B,16,0,3.4026666666666667,0.03236649930477142
gemma4_e2b_all_legal_moves_v4,e2b,Gemma 4 E2B,16,0,3.413333333333333,0.03619545102119446
gemma4_e2b_all_legal_moves_v4,e2b,Gemma 4 E2B,16,0,3.424,0.031245338916778564
gemma4_e2b_all_legal_moves_v4,e2b,Gemma 4 E2B,16,0,3.4346666666666668,0.021128447353839876
gemma4_e2b_all_legal_moves_v4,e2b,Gemma 4 E2B,16,0,3.445333333333333,0.021914735436439514
gemma4_e2b_all_legal_moves_v4,e2b,Gemma 4 E2B,16,0,3.456,0.021459783613681793
gemma4_e2b_all_legal_moves_v4,e2b,Gemma 4 E2B,16,0,3.466666666666667,0.019741426408290862
gemma4_e2b_all_legal_moves_v4,e2b,Gemma 4 E2B,16,0,3.477333333333333,0.01911008358001709
gemma4_e2b_all_legal_moves_v4,e2b,Gemma 4 E2B,16,0,3.488,0.0200128436088562
gemma4_e2b_all_legal_moves_v4,e2b,Gemma 4 E2B,16,0,3.498666666666667,0.01920849084854126
gemma4_e2b_all_legal_moves_v4,e2b,Gemma 4 E2B,16,0,3.509333333333333,0.021214970946311952
gemma4_e2b_all_legal_moves_v4,e2b,Gemma 4 E2B,16,0,3.52,0.02129954695701599
gemma4_e2b_all_legal_moves_v4,e2b,Gemma 4 E2B,16,0,3.530666666666667,0.018769960105419158
gemma4_e2b_all_legal_moves_v4,e2b,Gemma 4 E2B,16,0,3.541333333333333,0.021976669132709504
gemma4_e2b_all_legal_moves_v4,e2b,Gemma 4 E2B,16,0,3.552,0.033373647928237916
gemma4_e2b_all_legal_moves_v4,e2b,Gemma 4 E2B,16,0,3.562666666666667,0.030311468243598937
gemma4_e2b_all_legal_moves_v4,e2b,Gemma 4 E2B,16,0,3.5733333333333333,0.03592295348644257
gemma4_e2b_all_legal_moves_v4,e2b,Gemma 4 E2B,16,0,3.584,0.024597492814064027
gemma4_e2b_all_legal_moves_v4,e2b,Gemma 4 E2B,16,0,3.594666666666667,0.02054845094680786
gemma4_e2b_all_legal_moves_v4,e2b,Gemma 4 E2B,16,0,3.6053333333333333,0.02174823135137558
gemma4_e2b_all_legal_moves_v4,e2b,Gemma 4 E2B,16,0,3.616,0.020710352063179015
gemma4_e2b_all_legal_moves_v4,e2b,Gemma 4 E2B,16,0,3.626666666666667,0.019888196885585786
gemma4_e2b_all_legal_moves_v4,e2b,Gemma 4 E2B,16,0,3.6373333333333333,0.019059285521507263
gemma4_e2b_all_legal_moves_v4,e2b,Gemma 4 E2B,16,0,3.648,0.021572381258010864
gemma4_e2b_all_legal_moves_v4,e2b,Gemma 4 E2B,16,0,3.6586666666666665,0.019109107553958893
gemma4_e2b_all_legal_moves_v4,e2b,Gemma 4 E2B,16,0,3.6693333333333333,0.01809580475091934
gemma4_e2b_all_legal_moves_v4,e2b,Gemma 4 E2B,16,0,3.68,0.019249185919761658
gemma4_e2b_all_legal_moves_v4,e2b,Gemma 4 E2B,16,0,3.6906666666666665,0.02341011315584183
gemma4_e2b_all_legal_moves_v4,e2b,Gemma 4 E2B,16,0,3.7013333333333334,0.030706897377967834
gemma4_e2b_all_legal_moves_v4,e2b,Gemma 4 E2B,16,0,3.7119999999999997,0.0296535849571228
gemma4_e2b_all_legal_moves_v4,e2b,Gemma 4 E2B,16,0,3.7226666666666666,0.03166250586509704
gemma4_e2b_all_legal_moves_v4,e2b,Gemma 4 E2B,16,0,3.7333333333333334,0.02288465350866318
gemma4_e2b_all_legal_moves_v4,e2b,Gemma 4 E2B,16,0,3.7439999999999998,0.02002060115337372
gemma4_e2b_all_legal_moves_v4,e2b,Gemma 4 E2B,16,0,3.7546666666666666,0.019764959812164307
gemma4_e2b_all_legal_moves_v4,e2b,Gemma 4 E2B,16,0,3.7653333333333334,0.01958148330450058
gemma4_e2b_all_legal_moves_v4,e2b,Gemma 4 E2B,16,0,3.776,0.020254771411418914
gemma4_e2b_all_legal_moves_v4,e2b,Gemma 4 E2B,16,0,3.7866666666666666,0.01702396720647812
gemma4_e2b_all_legal_moves_v4,e2b,Gemma 4 E2B,16,0,3.7973333333333334,0.019947916269302368
gemma4_e2b_all_legal_moves_v4,e2b,Gemma 4 E2B,16,0,3.808,0.019482578337192535
gemma4_e2b_all_legal_moves_v4,e2b,Gemma 4 E2B,16,0,3.8186666666666667,0.03288721144199371
gemma4_e2b_all_legal_moves_v4,e2b,Gemma 4 E2B,16,0,3.8293333333333335,0.032521510124206544
gemma4_e2b_all_legal_moves_v4,e2b,Gemma 4 E2B,16,0,3.84,0.03204448819160462
gemma4_e2b_all_legal_moves_v4,e2b,Gemma 4 E2B,16,0,3.8506666666666667,0.018413357436656952
gemma4_e2b_all_legal_moves_v4,e2b,Gemma 4 E2B,16,0,3.8613333333333335,0.026290804147720337
gemma4_e2b_all_legal_moves_v4,e2b,Gemma 4 E2B,16,0,3.872,0.02102145701646805
gemma4_e2b_all_legal_moves_v4,e2b,Gemma 4 E2B,16,0,3.8826666666666667,0.02136256843805313
gemma4_e2b_all_legal_moves_v4,e2b,Gemma 4 E2B,16,0,3.8933333333333335,0.018414784967899323
gemma4_e2b_all_legal_moves_v4,e2b,Gemma 4 E2B,16,0,3.904,0.023752416670322418
gemma4_e2b_all_legal_moves_v4,e2b,Gemma 4 E2B,16,0,3.9146666666666667,0.030924874544143676
gemma4_e2b_all_legal_moves_v4,e2b,Gemma 4 E2B,16,0,3.9253333333333336,0.026773834228515626
gemma4_e2b_all_legal_moves_v4,e2b,Gemma 4 E2B,16,0,3.936,0.027209731936454772
gemma4_e2b_all_legal_moves_v4,e2b,Gemma 4 E2B,16,0,3.9466666666666668,0.02389901429414749
gemma4_e2b_all_legal_moves_v4,e2b,Gemma 4 E2B,16,0,3.9573333333333336,0.019138486683368684
gemma4_e2b_all_legal_moves_v4,e2b,Gemma 4 E2B,16,0,3.968,0.0291946142911911
gemma4_e2b_all_legal_moves_v4,e2b,Gemma 4 E2B,16,0,3.978666666666667,0.02598736882209778
gemma4_e2b_all_legal_moves_v4,e2b,Gemma 4 E2B,16,0,3.989333333333333,0.0294030100107193
gemma4_e2b_all_legal_moves_v4,e2b,Gemma 4 E2B,16,0,4.0,0.027918753027915955
gemma4_e2b_all_legal_moves_v4,e2b,Gemma 4 E2B,16,0,4.010666666666666,0.016377705335617065
gemma4_e2b_all_legal_moves_v4,e2b,Gemma 4 E2B,16,0,4.021333333333334,0.016952650249004365
gemma4_e2b_all_legal_moves_v4,e2b,Gemma 4 E2B,16,0,4.032,0.015498161315917969
gemma4_e2b_all_legal_moves_v4,e2b,Gemma 4 E2B,16,0,4.042666666666666,0.026064249873161315
gemma4_e2b_all_legal_moves_v4,e2b,Gemma 4 E2B,16,0,4.053333333333334,0.027024146914482117
gemma4_e2b_all_legal_moves_v4,e2b,Gemma 4 E2B,16,0,4.064,0.01936868727207184
gemma4_e2b_all_legal_moves_v4,e2b,Gemma 4 E2B,16,0,4.074666666666666,0.017484121024608612
gemma4_e2b_all_legal_moves_v4,e2b,Gemma 4 E2B,16,0,4.085333333333334,0.01634792685508728
gemma4_e2b_all_legal_moves_v4,e2b,Gemma 4 E2B,16,0,4.096,0.01603657603263855
gemma4_e2b_all_legal_moves_v4,e2b,Gemma 4 E2B,16,0,4.1066666666666665,0.01733175218105316
gemma4_e2b_all_legal_moves_v4,e2b,Gemma 4 E2B,16,0,4.117333333333334,0.01630498468875885
gemma4_e2b_all_legal_moves_v4,e2b,Gemma 4 E2B,16,0,4.128,0.025420376658439638
gemma4_e2b_all_legal_moves_v4,e2b,Gemma 4 E2B,16,0,4.1386666666666665,0.025126144289970398
gemma4_e2b_all_legal_moves_v4,e2b,Gemma 4 E2B,16,0,4.149333333333334,0.020537640154361724
gemma4_e2b_all_legal_moves_v4,e2b,Gemma 4 E2B,16,0,4.16,0.01787637621164322
gemma4_e2b_all_legal_moves_v4,e2b,Gemma 4 E2B,16,0,4.1706666666666665,0.017664436995983124
gemma4_e2b_all_legal_moves_v4,e2b,Gemma 4 E2B,16,0,4.181333333333333,0.015629898011684417
gemma4_e2b_all_legal_moves_v4,e2b,Gemma 4 E2B,16,0,4.192,0.01568587273359299
gemma4_e2b_all_legal_moves_v4,e2b,Gemma 4 E2B,16,0,4.2026666666666666,0.015586979687213898
gemma4_e2b_all_legal_moves_v4,e2b,Gemma 4 E2B,16,0,4.213333333333333,0.01418924778699875
gemma4_e2b_all_legal_moves_v4,e2b,Gemma 4 E2B,16,0,4.224,0.01509893536567688
gemma4_e2b_all_legal_moves_v4,e2b,Gemma 4 E2B,16,0,4.234666666666667,0.014833401143550872
gemma4_e2b_all_legal_moves_v4,e2b,Gemma 4 E2B,16,0,4.245333333333333,0.02481340914964676
gemma4_e2b_all_legal_moves_v4,e2b,Gemma 4 E2B,16,0,4.256,0.02459185868501663
gemma4_e2b_all_legal_moves_v4,e2b,Gemma 4 E2B,16,0,4.266666666666667,0.02386023849248886
gemma4_e2b_all_legal_moves_v4,e2b,Gemma 4 E2B,16,0,4.277333333333333,0.016923537850379942
gemma4_e2b_all_legal_moves_v4,e2b,Gemma 4 E2B,16,0,4.288,0.0161725252866745
gemma4_e2b_all_legal_moves_v4,e2b,Gemma 4 E2B,16,0,4.298666666666667,0.017598681151866913
gemma4_e2b_all_legal_moves_v4,e2b,Gemma 4 E2B,16,0,4.309333333333333,0.016497373580932617
gemma4_e2b_all_legal_moves_v4,e2b,Gemma 4 E2B,16,0,4.32,0.015667837858200074
gemma4_e2b_all_legal_moves_v4,e2b,Gemma 4 E2B,16,0,4.330666666666667,0.01522301286458969
gemma4_e2b_all_legal_moves_v4,e2b,Gemma 4 E2B,16,0,4.341333333333333,0.015857647359371185
gemma4_e2b_all_legal_moves_v4,e2b,Gemma 4 E2B,16,0,4.352,0.014819130301475525
gemma4_e2b_all_legal_moves_v4,e2b,Gemma 4 E2B,16,0,4.362666666666667,0.01396474838256836
gemma4_e2b_all_legal_moves_v4,e2b,Gemma 4 E2B,16,0,4.373333333333333,0.014840127527713775
gemma4_e2b_all_legal_moves_v4,e2b,Gemma 4 E2B,16,0,4.384,0.015558630228042603
gemma4_e2b_all_legal_moves_v4,e2b,Gemma 4 E2B,16,0,4.394666666666667,0.02180396020412445
gemma4_e2b_all_legal_moves_v4,e2b,Gemma 4 E2B,16,0,4.405333333333333,0.023935507237911224
gemma4_e2b_all_legal_moves_v4,e2b,Gemma 4 E2B,16,0,4.416,0.025321322679519653
gemma4_e2b_all_legal_moves_v4,e2b,Gemma 4 E2B,16,0,4.426666666666667,0.02066689133644104
gemma4_e2b_all_legal_moves_v4,e2b,Gemma 4 E2B,16,0,4.437333333333333,0.014828312397003173
gemma4_e2b_all_legal_moves_v4,e2b,Gemma 4 E2B,16,0,4.448,0.016307176649570466
gemma4_e2b_all_legal_moves_v4,e2b,Gemma 4 E2B,16,0,4.458666666666667,0.015320536494255067
gemma4_e2b_all_legal_moves_v4,e2b,Gemma 4 E2B,16,0,4.469333333333333,0.015149521827697753
gemma4_e2b_all_legal_moves_v4,e2b,Gemma 4 E2B,16,0,4.48,0.014955613017082214
gemma4_e2b_all_legal_moves_v4,e2b,Gemma 4 E2B,16,0,4.490666666666667,0.015396587550640106
gemma4_e2b_all_legal_moves_v4,e2b,Gemma 4 E2B,16,0,4.501333333333333,0.013684383034706116
gemma4_e2b_all_legal_moves_v4,e2b,Gemma 4 E2B,16,0,4.5120000000000005,0.015476298332214356
gemma4_e2b_all_legal_moves_v4,e2b,Gemma 4 E2B,16,0,4.522666666666667,0.014804065227508545
gemma4_e2b_all_legal_moves_v4,e2b,Gemma 4 E2B,16,0,4.533333333333333,0.013322260975837708
gemma4_e2b_all_legal_moves_v4,e2b,Gemma 4 E2B,16,0,4.5440000000000005,0.019726431369781493
gemma4_e2b_all_legal_moves_v4,e2b,Gemma 4 E2B,16,0,4.554666666666667,0.02225859761238098
gemma4_e2b_all_legal_moves_v4,e2b,Gemma 4 E2B,16,0,4.565333333333333,0.021114820241928102
gemma4_e2b_all_legal_moves_v4,e2b,Gemma 4 E2B,16,0,4.576,0.02355118989944458
gemma4_e2b_all_legal_moves_v4,e2b,Gemma 4 E2B,16,0,4.586666666666667,0.014369097352027894
gemma4_e2b_all_legal_moves_v4,e2b,Gemma 4 E2B,16,0,4.597333333333333,0.015543435513973237
gemma4_e2b_all_legal_moves_v4,e2b,Gemma 4 E2B,16,0,4.608,0.016234247386455535
gemma4_e2b_all_legal_moves_v4,e2b,Gemma 4 E2B,16,0,4.618666666666667,0.015584360063076019
gemma4_e2b_all_legal_moves_v4,e2b,Gemma 4 E2B,16,0,4.629333333333333,0.014536447823047638
gemma4_e2b_all_legal_moves_v4,e2b,Gemma 4 E2B,16,0,4.64,0.015364252030849457
gemma4_e2b_all_legal_moves_v4,e2b,Gemma 4 E2B,16,0,4.650666666666667,0.015687021613121032
gemma4_e2b_all_legal_moves_v4,e2b,Gemma 4 E2B,16,0,4.661333333333333,0.014475329220294953
gemma4_e2b_all_legal_moves_v4,e2b,Gemma 4 E2B,16,0,4.672,0.013053491711616516
gemma4_e2b_all_legal_moves_v4,e2b,Gemma 4 E2B,16,0,4.682666666666667,0.014185197651386261
gemma4_e2b_all_legal_moves_v4,e2b,Gemma 4 E2B,16,0,4.693333333333333,0.01870765835046768
gemma4_e2b_all_legal_moves_v4,e2b,Gemma 4 E2B,16,0,4.704,0.02084621787071228
gemma4_e2b_all_legal_moves_v4,e2b,Gemma 4 E2B,16,0,4.714666666666667,0.020286047458648683
gemma4_e2b_all_legal_moves_v4,e2b,Gemma 4 E2B,16,0,4.725333333333333,0.022081832587718963
gemma4_e2b_all_legal_moves_v4,e2b,Gemma 4 E2B,16,0,4.736,0.014044646918773652
gemma4_e2b_all_legal_moves_v4,e2b,Gemma 4 E2B,16,0,4.746666666666667,0.01609440743923187
gemma4_e2b_all_legal_moves_v4,e2b,Gemma 4 E2B,16,0,4.757333333333333,0.015221689641475678
gemma4_e2b_all_legal_moves_v4,e2b,Gemma 4 E2B,16,0,4.768,0.014648212492465973
gemma4_e2b_all_legal_moves_v4,e2b,Gemma 4 E2B,16,0,4.778666666666666,0.014617770910263062
gemma4_e2b_all_legal_moves_v4,e2b,Gemma 4 E2B,16,0,4.789333333333333,0.013650886714458466
gemma4_e2b_all_legal_moves_v4,e2b,Gemma 4 E2B,16,0,4.8,0.013908559083938598
gemma4_e2b_all_legal_moves_v4,e2b,Gemma 4 E2B,16,0,4.810666666666666,0.016751398146152497
gemma4_e2b_all_legal_moves_v4,e2b,Gemma 4 E2B,16,0,4.8213333333333335,0.024206551909446716
gemma4_e2b_all_legal_moves_v4,e2b,Gemma 4 E2B,16,0,4.832,0.023476433753967286
gemma4_e2b_all_legal_moves_v4,e2b,Gemma 4 E2B,16,0,4.842666666666666,0.018675824999809264
gemma4_e2b_all_legal_moves_v4,e2b,Gemma 4 E2B,16,0,4.8533333333333335,0.014213365316390992
gemma4_e2b_all_legal_moves_v4,e2b,Gemma 4 E2B,16,0,4.864,0.017923960089683534
gemma4_e2b_all_legal_moves_v4,e2b,Gemma 4 E2B,16,0,4.874666666666666,0.015265743434429168
gemma4_e2b_all_legal_moves_v4,e2b,Gemma 4 E2B,16,0,4.8853333333333335,0.015314503014087677
gemma4_e2b_all_legal_moves_v4,e2b,Gemma 4 E2B,16,0,4.896,0.01403631865978241
gemma4_e2b_all_legal_moves_v4,e2b,Gemma 4 E2B,16,0,4.906666666666666,0.01972120553255081
gemma4_e2b_all_legal_moves_v4,e2b,Gemma 4 E2B,16,0,4.917333333333334,0.021524550020694734
gemma4_e2b_all_legal_moves_v4,e2b,Gemma 4 E2B,16,0,4.928,0.016730871796607972
gemma4_e2b_all_legal_moves_v4,e2b,Gemma 4 E2B,16,0,4.938666666666666,0.021067890524864196
gemma4_e2b_all_legal_moves_v4,e2b,Gemma 4 E2B,16,0,4.949333333333334,0.016141295433044434
gemma4_e2b_all_legal_moves_v4,e2b,Gemma 4 E2B,16,0,4.96,0.014921385049819946
gemma4_e2b_all_legal_moves_v4,e2b,Gemma 4 E2B,16,0,4.970666666666666,0.021456561982631683
gemma4_e2b_all_legal_moves_v4,e2b,Gemma 4 E2B,16,0,4.981333333333334,0.01880040019750595
gemma4_e2b_all_legal_moves_v4,e2b,Gemma 4 E2B,16,0,4.992,0.020275431871414184
gemma4_e2b_all_legal_moves_v3,e2b,Gemma 4 E2B,32,0,0.010666666666666666,3.225800323486328
gemma4_e2b_all_legal_moves_v3,e2b,Gemma 4 E2B,32,0,0.021333333333333333,0.9851754188537598
gemma4_e2b_all_legal_moves_v3,e2b,Gemma 4 E2B,32,0,0.032,0.6405856609344482
gemma4_e2b_all_legal_moves_v3,e2b,Gemma 4 E2B,32,0,0.042666666666666665,0.5044713020324707
gemma4_e2b_all_legal_moves_v3,e2b,Gemma 4 E2B,32,0,0.05333333333333334,0.428409481048584
gemma4_e2b_all_legal_moves_v3,e2b,Gemma 4 E2B,32,0,0.064,0.322556471824646
gemma4_e2b_all_legal_moves_v3,e2b,Gemma 4 E2B,32,0,0.07466666666666667,0.26258904933929444
gemma4_e2b_all_legal_moves_v3,e2b,Gemma 4 E2B,32,0,0.08533333333333333,0.22328615188598633
gemma4_e2b_all_legal_moves_v3,e2b,Gemma 4 E2B,32,0,0.096,0.22988827228546144
gemma4_e2b_all_legal_moves_v3,e2b,Gemma 4 E2B,32,0,0.10666666666666667,0.21385476589202881
gemma4_e2b_all_legal_moves_v3,e2b,Gemma 4 E2B,32,0,0.11733333333333333,0.1987093210220337
gemma4_e2b_all_legal_moves_v3,e2b,Gemma 4 E2B,32,0,0.128,0.21100008487701416
gemma4_e2b_all_legal_moves_v3,e2b,Gemma 4 E2B,32,0,0.13866666666666666,0.19278669357299805
gemma4_e2b_all_legal_moves_v3,e2b,Gemma 4 E2B,32,0,0.14933333333333335,0.2052551031112671
gemma4_e2b_all_legal_moves_v3,e2b,Gemma 4 E2B,32,0,0.16,0.1646420478820801
gemma4_e2b_all_legal_moves_v3,e2b,Gemma 4 E2B,32,0,0.17066666666666666,0.1477221965789795
gemma4_e2b_all_legal_moves_v3,e2b,Gemma 4 E2B,32,0,0.18133333333333335,0.13434197902679443
gemma4_e2b_all_legal_moves_v3,e2b,Gemma 4 E2B,32,0,0.192,0.13757617473602296
gemma4_e2b_all_legal_moves_v3,e2b,Gemma 4 E2B,32,0,0.20266666666666666,0.14548897743225098
gemma4_e2b_all_legal_moves_v3,e2b,Gemma 4 E2B,32,0,0.21333333333333335,0.13278731107711791
gemma4_e2b_all_legal_moves_v3,e2b,Gemma 4 E2B,32,0,0.224,0.12762755155563354
gemma4_e2b_all_legal_moves_v3,e2b,Gemma 4 E2B,32,0,0.23466666666666666,0.12258604764938355
gemma4_e2b_all_legal_moves_v3,e2b,Gemma 4 E2B,32,0,0.24533333333333332,0.1461821675300598
gemma4_e2b_all_legal_moves_v3,e2b,Gemma 4 E2B,32,0,0.256,0.13810627460479735
gemma4_e2b_all_legal_moves_v3,e2b,Gemma 4 E2B,32,0,0.26666666666666666,0.13168119192123412
gemma4_e2b_all_legal_moves_v3,e2b,Gemma 4 E2B,32,0,0.2773333333333333,0.13322712182998658
gemma4_e2b_all_legal_moves_v3,e2b,Gemma 4 E2B,32,0,0.288,0.10734643936157226
gemma4_e2b_all_legal_moves_v3,e2b,Gemma 4 E2B,32,0,0.2986666666666667,0.10184725522994995
gemma4_e2b_all_legal_moves_v3,e2b,Gemma 4 E2B,32,0,0.30933333333333335,0.09631898403167724
gemma4_e2b_all_legal_moves_v3,e2b,Gemma 4 E2B,32,0,0.32,0.09158597588539123
gemma4_e2b_all_legal_moves_v3,e2b,Gemma 4 E2B,32,0,0.33066666666666666,0.09413831233978272
gemma4_e2b_all_legal_moves_v3,e2b,Gemma 4 E2B,32,0,0.3413333333333333,0.09822349548339844
gemma4_e2b_all_legal_moves_v3,e2b,Gemma 4 E2B,32,0,0.352,0.0925688922405243
gemma4_e2b_all_legal_moves_v3,e2b,Gemma 4 E2B,32,0,0.3626666666666667,0.09112564325332642
gemma4_e2b_all_legal_moves_v3,e2b,Gemma 4 E2B,32,0,0.37333333333333335,0.08821295499801636
gemma4_e2b_all_legal_moves_v3,e2b,Gemma 4 E2B,32,0,0.384,0.08929534554481507
gemma4_e2b_all_legal_moves_v3,e2b,Gemma 4 E2B,32,0,0.39466666666666667,0.10488729476928711
gemma4_e2b_all_legal_moves_v3,e2b,Gemma 4 E2B,32,0,0.4053333333333333,0.10558737516403198
gemma4_e2b_all_legal_moves_v3,e2b,Gemma 4 E2B,32,0,0.416,0.10608983039855957
gemma4_e2b_all_legal_moves_v3,e2b,Gemma 4 E2B,32,0,0.4266666666666667,0.10170871019363403
gemma4_e2b_all_legal_moves_v3,e2b,Gemma 4 E2B,32,0,0.43733333333333335,0.09060304760932922
gemma4_e2b_all_legal_moves_v3,e2b,Gemma 4 E2B,32,0,0.448,0.08290593028068542
gemma4_e2b_all_legal_moves_v3,e2b,Gemma 4 E2B,32,0,0.45866666666666667,0.07664083838462829
gemma4_e2b_all_legal_moves_v3,e2b,Gemma 4 E2B,32,0,0.4693333333333333,0.0724918007850647
gemma4_e2b_all_legal_moves_v3,e2b,Gemma 4 E2B,32,0,0.48,0.07296964526176453
gemma4_e2b_all_legal_moves_v3,e2b,Gemma 4 E2B,32,0,0.49066666666666664,0.07608373761177063
gemma4_e2b_all_legal_moves_v3,e2b,Gemma 4 E2B,32,0,0.5013333333333333,0.0734528124332428
gemma4_e2b_all_legal_moves_v3,e2b,Gemma 4 E2B,32,0,0.512,0.07736780047416687
gemma4_e2b_all_legal_moves_v3,e2b,Gemma 4 E2B,32,0,0.5226666666666666,0.07487866282463074
gemma4_e2b_all_legal_moves_v3,e2b,Gemma 4 E2B,32,0,0.5333333333333333,0.07222110033035278
gemma4_e2b_all_legal_moves_v3,e2b,Gemma 4 E2B,32,0,0.544,0.08258088231086731
gemma4_e2b_all_legal_moves_v3,e2b,Gemma 4 E2B,32,0,0.5546666666666666,0.09540877938270569
gemma4_e2b_all_legal_moves_v3,e2b,Gemma 4 E2B,32,0,0.5653333333333334,0.09542170763015748
gemma4_e2b_all_legal_moves_v3,e2b,Gemma 4 E2B,32,0,0.576,0.09948541522026062
gemma4_e2b_all_legal_moves_v3,e2b,Gemma 4 E2B,32,0,0.5866666666666667,0.07990517616271972
gemma4_e2b_all_legal_moves_v3,e2b,Gemma 4 E2B,32,0,0.5973333333333334,0.07312185764312744
gemma4_e2b_all_legal_moves_v3,e2b,Gemma 4 E2B,32,0,0.608,0.07239598035812378
gemma4_e2b_all_legal_moves_v3,e2b,Gemma 4 E2B,32,0,0.6186666666666667,0.06729581952095032
gemma4_e2b_all_legal_moves_v3,e2b,Gemma 4 E2B,32,0,0.6293333333333333,0.06363406181335449
gemma4_e2b_all_legal_moves_v3,e2b,Gemma 4 E2B,32,0,0.64,0.06726799607276916
gemma4_e2b_all_legal_moves_v3,e2b,Gemma 4 E2B,32,0,0.6506666666666666,0.06967855095863343
gemma4_e2b_all_legal_moves_v3,e2b,Gemma 4 E2B,32,0,0.6613333333333333,0.06790737509727478
gemma4_e2b_all_legal_moves_v3,e2b,Gemma 4 E2B,32,0,0.672,0.06672853231430054
gemma4_e2b_all_legal_moves_v3,e2b,Gemma 4 E2B,32,0,0.6826666666666666,0.06611036658287048
gemma4_e2b_all_legal_moves_v3,e2b,Gemma 4 E2B,32,0,0.6933333333333334,0.07722723484039307
gemma4_e2b_all_legal_moves_v3,e2b,Gemma 4 E2B,32,0,0.704,0.09019804000854492
gemma4_e2b_all_legal_moves_v3,e2b,Gemma 4 E2B,32,0,0.7146666666666667,0.09130780696868897
gemma4_e2b_all_legal_moves_v3,e2b,Gemma 4 E2B,32,0,0.7253333333333334,0.08498669266700745
gemma4_e2b_all_legal_moves_v3,e2b,Gemma 4 E2B,32,0,0.736,0.07002677321434021
gemma4_e2b_all_legal_moves_v3,e2b,Gemma 4 E2B,32,0,0.7466666666666667,0.06480603218078614
gemma4_e2b_all_legal_moves_v3,e2b,Gemma 4 E2B,32,0,0.7573333333333333,0.06053502559661865
gemma4_e2b_all_legal_moves_v3,e2b,Gemma 4 E2B,32,0,0.768,0.05964314937591553
gemma4_e2b_all_legal_moves_v3,e2b,Gemma 4 E2B,32,0,0.7786666666666666,0.06027025580406189
gemma4_e2b_all_legal_moves_v3,e2b,Gemma 4 E2B,32,0,0.7893333333333333,0.059233289957046506
gemma4_e2b_all_legal_moves_v3,e2b,Gemma 4 E2B,32,0,0.8,0.06058312654495239
gemma4_e2b_all_legal_moves_v3,e2b,Gemma 4 E2B,32,0,0.8106666666666666,0.06521433591842651
gemma4_e2b_all_legal_moves_v3,e2b,Gemma 4 E2B,32,0,0.8213333333333334,0.08905997276306152
gemma4_e2b_all_legal_moves_v3,e2b,Gemma 4 E2B,32,0,0.832,0.08791390061378479
gemma4_e2b_all_legal_moves_v3,e2b,Gemma 4 E2B,32,0,0.8426666666666667,0.07891542315483094
gemma4_e2b_all_legal_moves_v3,e2b,Gemma 4 E2B,32,0,0.8533333333333334,0.06348848342895508
gemma4_e2b_all_legal_moves_v3,e2b,Gemma 4 E2B,32,0,0.864,0.0692920982837677
gemma4_e2b_all_legal_moves_v3,e2b,Gemma 4 E2B,32,0,0.8746666666666667,0.05539212822914123
gemma4_e2b_all_legal_moves_v3,e2b,Gemma 4 E2B,32,0,0.8853333333333333,0.059561657905578616
gemma4_e2b_all_legal_moves_v3,e2b,Gemma 4 E2B,32,0,0.896,0.05863177180290222
gemma4_e2b_all_legal_moves_v3,e2b,Gemma 4 E2B,32,0,0.9066666666666666,0.06981216073036194
gemma4_e2b_all_legal_moves_v3,e2b,Gemma 4 E2B,32,0,0.9173333333333333,0.0831727683544159
gemma4_e2b_all_legal_moves_v3,e2b,Gemma 4 E2B,32,0,0.928,0.07117012143135071
gemma4_e2b_all_legal_moves_v3,e2b,Gemma 4 E2B,32,0,0.9386666666666666,0.07545265555381775
gemma4_e2b_all_legal_moves_v3,e2b,Gemma 4 E2B,32,0,0.9493333333333334,0.06079077124595642
gemma4_e2b_all_legal_moves_v3,e2b,Gemma 4 E2B,32,0,0.96,0.05434182286262512
gemma4_e2b_all_legal_moves_v3,e2b,Gemma 4 E2B,32,0,0.9706666666666667,0.07377486824989318
gemma4_e2b_all_legal_moves_v3,e2b,Gemma 4 E2B,32,0,0.9813333333333333,0.07192359566688537
gemma4_e2b_all_legal_moves_v3,e2b,Gemma 4 E2B,32,0,0.992,0.0810568869113922
gemma4_e2b_all_legal_moves_v3,e2b,Gemma 4 E2B,32,0,1.0026666666666666,0.0712601125240326
gemma4_e2b_all_legal_moves_v3,e2b,Gemma 4 E2B,32,0,1.0133333333333334,0.04769161343574524
gemma4_e2b_all_legal_moves_v3,e2b,Gemma 4 E2B,32,0,1.024,0.04840548634529114
gemma4_e2b_all_legal_moves_v3,e2b,Gemma 4 E2B,32,0,1.0346666666666666,0.04992517530918121
gemma4_e2b_all_legal_moves_v3,e2b,Gemma 4 E2B,32,0,1.0453333333333332,0.06775193810462951
gemma4_e2b_all_legal_moves_v3,e2b,Gemma 4 E2B,32,0,1.056,0.07087733149528504
gemma4_e2b_all_legal_moves_v3,e2b,Gemma 4 E2B,32,0,1.0666666666666667,0.047706466913223264
gemma4_e2b_all_legal_moves_v3,e2b,Gemma 4 E2B,32,0,1.0773333333333333,0.04645532965660095
gemma4_e2b_all_legal_moves_v3,e2b,Gemma 4 E2B,32,0,1.088,0.04341068267822266
gemma4_e2b_all_legal_moves_v3,e2b,Gemma 4 E2B,32,0,1.0986666666666667,0.04893239736557007
gemma4_e2b_all_legal_moves_v3,e2b,Gemma 4 E2B,32,0,1.1093333333333333,0.04847171902656555
gemma4_e2b_all_legal_moves_v3,e2b,Gemma 4 E2B,32,0,1.12,0.04868894219398499
gemma4_e2b_all_legal_moves_v3,e2b,Gemma 4 E2B,32,0,1.1306666666666667,0.06259720325469971
gemma4_e2b_all_legal_moves_v3,e2b,Gemma 4 E2B,32,0,1.1413333333333333,0.05947164297103882
gemma4_e2b_all_legal_moves_v3,e2b,Gemma 4 E2B,32,0,1.152,0.05481916666030884
gemma4_e2b_all_legal_moves_v3,e2b,Gemma 4 E2B,32,0,1.1626666666666667,0.04632304012775421
gemma4_e2b_all_legal_moves_v3,e2b,Gemma 4 E2B,32,0,1.1733333333333333,0.044103145599365234
gemma4_e2b_all_legal_moves_v3,e2b,Gemma 4 E2B,32,0,1.184,0.04250901639461517
gemma4_e2b_all_legal_moves_v3,e2b,Gemma 4 E2B,32,0,1.1946666666666665,0.0428449809551239
gemma4_e2b_all_legal_moves_v3,e2b,Gemma 4 E2B,32,0,1.2053333333333334,0.0448301762342453
gemma4_e2b_all_legal_moves_v3,e2b,Gemma 4 E2B,32,0,1.216,0.04289694130420685
gemma4_e2b_all_legal_moves_v3,e2b,Gemma 4 E2B,32,0,1.2266666666666666,0.04266892671585083
gemma4_e2b_all_legal_moves_v3,e2b,Gemma 4 E2B,32,0,1.2373333333333334,0.047695642709732054
gemma4_e2b_all_legal_moves_v3,e2b,Gemma 4 E2B,32,0,1.248,0.057872116565704346
gemma4_e2b_all_legal_moves_v3,e2b,Gemma 4 E2B,32,0,1.2586666666666666,0.06186091899871826
gemma4_e2b_all_legal_moves_v3,e2b,Gemma 4 E2B,32,0,1.2693333333333334,0.05796739459037781
gemma4_e2b_all_legal_moves_v3,e2b,Gemma 4 E2B,32,0,1.28,0.048177403211593625
gemma4_e2b_all_legal_moves_v3,e2b,Gemma 4 E2B,32,0,1.2906666666666666,0.043025681376457216
gemma4_e2b_all_legal_moves_v3,e2b,Gemma 4 E2B,32,0,1.3013333333333335,0.04202635586261749
gemma4_e2b_all_legal_moves_v3,e2b,Gemma 4 E2B,32,0,1.312,0.04053512215614319
gemma4_e2b_all_legal_moves_v3,e2b,Gemma 4 E2B,32,0,1.3226666666666667,0.040367865562438966
gemma4_e2b_all_legal_moves_v3,e2b,Gemma 4 E2B,32,0,1.3333333333333333,0.04021843373775482
gemma4_e2b_all_legal_moves_v3,e2b,Gemma 4 E2B,32,0,1.3439999999999999,0.04028220474720001
gemma4_e2b_all_legal_moves_v3,e2b,Gemma 4 E2B,32,0,1.3546666666666667,0.04059237241744995
gemma4_e2b_all_legal_moves_v3,e2b,Gemma 4 E2B,32,0,1.3653333333333333,0.03947999775409698
gemma4_e2b_all_legal_moves_v3,e2b,Gemma 4 E2B,32,0,1.376,0.039941802620887756
gemma4_e2b_all_legal_moves_v3,e2b,Gemma 4 E2B,32,0,1.3866666666666667,0.04211322069168091
gemma4_e2b_all_legal_moves_v3,e2b,Gemma 4 E2B,32,0,1.3973333333333333,0.05661883354187012
gemma4_e2b_all_legal_moves_v3,e2b,Gemma 4 E2B,32,0,1.408,0.05678037405014038
gemma4_e2b_all_legal_moves_v3,e2b,Gemma 4 E2B,32,0,1.4186666666666667,0.0530755341053009
gemma4_e2b_all_legal_moves_v3,e2b,Gemma 4 E2B,32,0,1.4293333333333333,0.051110094785690306
gemma4_e2b_all_legal_moves_v3,e2b,Gemma 4 E2B,32,0,1.44,0.04205014705657959
gemma4_e2b_all_legal_moves_v3,e2b,Gemma 4 E2B,32,0,1.4506666666666668,0.038744986057281494
gemma4_e2b_all_legal_moves_v3,e2b,Gemma 4 E2B,32,0,1.4613333333333334,0.03745530545711517
gemma4_e2b_all_legal_moves_v3,e2b,Gemma 4 E2B,32,0,1.472,0.037274721264839175
gemma4_e2b_all_legal_moves_v3,e2b,Gemma 4 E2B,32,0,1.4826666666666668,0.03533394336700439
gemma4_e2b_all_legal_moves_v3,e2b,Gemma 4 E2B,32,0,1.4933333333333334,0.03824765980243683
gemma4_e2b_all_legal_moves_v3,e2b,Gemma 4 E2B,32,0,1.504,0.035901707410812375
gemma4_e2b_all_legal_moves_v3,e2b,Gemma 4 E2B,32,0,1.5146666666666668,0.03952341377735138
gemma4_e2b_all_legal_moves_v3,e2b,Gemma 4 E2B,32,0,1.5253333333333332,0.03655025660991669
gemma4_e2b_all_legal_moves_v3,e2b,Gemma 4 E2B,32,0,1.536,0.03570995330810547
gemma4_e2b_all_legal_moves_v3,e2b,Gemma 4 E2B,32,0,1.5466666666666666,0.051664608716964724
gemma4_e2b_all_legal_moves_v3,e2b,Gemma 4 E2B,32,0,1.5573333333333332,0.05451269149780273
gemma4_e2b_all_legal_moves_v3,e2b,Gemma 4 E2B,32,0,1.568,0.05701598525047302
gemma4_e2b_all_legal_moves_v3,e2b,Gemma 4 E2B,32,0,1.5786666666666667,0.055302441120147705
gemma4_e2b_all_legal_moves_v3,e2b,Gemma 4 E2B,32,0,1.5893333333333333,0.040435579419136045
gemma4_e2b_all_legal_moves_v3,e2b,Gemma 4 E2B,32,0,1.6,0.04014460146427155
gemma4_e2b_all_legal_moves_v3,e2b,Gemma 4 E2B,32,0,1.6106666666666667,0.03817120492458344
gemma4_e2b_all_legal_moves_v3,e2b,Gemma 4 E2B,32,0,1.6213333333333333,0.0369189590215683
gemma4_e2b_all_legal_moves_v3,e2b,Gemma 4 E2B,32,0,1.6320000000000001,0.03521290421485901
gemma4_e2b_all_legal_moves_v3,e2b,Gemma 4 E2B,32,0,1.6426666666666667,0.036274495720863345
gemma4_e2b_all_legal_moves_v3,e2b,Gemma 4 E2B,32,0,1.6533333333333333,0.037008896470069885
gemma4_e2b_all_legal_moves_v3,e2b,Gemma 4 E2B,32,0,1.6640000000000001,0.033668416738510135
gemma4_e2b_all_legal_moves_v3,e2b,Gemma 4 E2B,32,0,1.6746666666666665,0.03341177999973297
gemma4_e2b_all_legal_moves_v3,e2b,Gemma 4 E2B,32,0,1.6853333333333333,0.03498416244983673
gemma4_e2b_all_legal_moves_v3,e2b,Gemma 4 E2B,32,0,1.696,0.0500512957572937
gemma4_e2b_all_legal_moves_v3,e2b,Gemma 4 E2B,32,0,1.7066666666666666,0.05774313807487488
gemma4_e2b_all_legal_moves_v3,e2b,Gemma 4 E2B,32,0,1.7173333333333334,0.055969780683517455
gemma4_e2b_all_legal_moves_v3,e2b,Gemma 4 E2B,32,0,1.728,0.051286590099334714
gemma4_e2b_all_legal_moves_v3,e2b,Gemma 4 E2B,32,0,1.7386666666666666,0.03741846680641174
gemma4_e2b_all_legal_moves_v3,e2b,Gemma 4 E2B,32,0,1.7493333333333334,0.03620429337024689
gemma4_e2b_all_legal_moves_v3,e2b,Gemma 4 E2B,32,0,1.76,0.03443979620933533
gemma4_e2b_all_legal_moves_v3,e2b,Gemma 4 E2B,32,0,1.7706666666666666,0.03296160995960236
gemma4_e2b_all_legal_moves_v3,e2b,Gemma 4 E2B,32,0,1.7813333333333334,0.03229829668998718
gemma4_e2b_all_legal_moves_v3,e2b,Gemma 4 E2B,32,0,1.792,0.03306619524955749
gemma4_e2b_all_legal_moves_v3,e2b,Gemma 4 E2B,32,0,1.8026666666666666,0.03227680027484894
gemma4_e2b_all_legal_moves_v3,e2b,Gemma 4 E2B,32,0,1.8133333333333335,0.04408160448074341
gemma4_e2b_all_legal_moves_v3,e2b,Gemma 4 E2B,32,0,1.8239999999999998,0.05469372868537903
gemma4_e2b_all_legal_moves_v3,e2b,Gemma 4 E2B,32,0,1.8346666666666667,0.055935132503509524
gemma4_e2b_all_legal_moves_v3,e2b,Gemma 4 E2B,32,0,1.8453333333333335,0.04082252383232117
gemma4_e2b_all_legal_moves_v3,e2b,Gemma 4 E2B,32,0,1.8559999999999999,0.038594120740890504
gemma4_e2b_all_legal_moves_v3,e2b,Gemma 4 E2B,32,0,1.8666666666666667,0.040472555160522464
gemma4_e2b_all_legal_moves_v3,e2b,Gemma 4 E2B,32,0,1.8773333333333333,0.03264252245426178
gemma4_e2b_all_legal_moves_v3,e2b,Gemma 4 E2B,32,0,1.888,0.033897846937179565
gemma4_e2b_all_legal_moves_v3,e2b,Gemma 4 E2B,32,0,1.8986666666666667,0.03175138831138611
gemma4_e2b_all_legal_moves_v3,e2b,Gemma 4 E2B,32,0,1.9093333333333333,0.04822478890419006
gemma4_e2b_all_legal_moves_v3,e2b,Gemma 4 E2B,32,0,1.92,0.05453166961669922
gemma4_e2b_all_legal_moves_v3,e2b,Gemma 4 E2B,32,0,1.9306666666666668,0.03777153789997101
gemma4_e2b_all_legal_moves_v3,e2b,Gemma 4 E2B,32,0,1.9413333333333334,0.04940489232540131
gemma4_e2b_all_legal_moves_v3,e2b,Gemma 4 E2B,32,0,1.952,0.0323205441236496
gemma4_e2b_all_legal_moves_v3,e2b,Gemma 4 E2B,32,0,1.9626666666666668,0.03272444009780884
gemma4_e2b_all_legal_moves_v3,e2b,Gemma 4 E2B,32,0,1.9733333333333334,0.05144139528274536
gemma4_e2b_all_legal_moves_v3,e2b,Gemma 4 E2B,32,0,1.984,0.04371793866157532
gemma4_e2b_all_legal_moves_v3,e2b,Gemma 4 E2B,32,0,1.9946666666666668,0.046367743611335756
gemma4_e2b_all_legal_moves_v3,e2b,Gemma 4 E2B,32,0,2.005333333333333,0.04109962284564972
gemma4_e2b_all_legal_moves_v3,e2b,Gemma 4 E2B,32,0,2.016,0.0273573637008667
gemma4_e2b_all_legal_moves_v3,e2b,Gemma 4 E2B,32,0,2.026666666666667,0.02787708044052124
gemma4_e2b_all_legal_moves_v3,e2b,Gemma 4 E2B,32,0,2.037333333333333,0.033881747722625734
gemma4_e2b_all_legal_moves_v3,e2b,Gemma 4 E2B,32,0,2.048,0.045225054025650024
gemma4_e2b_all_legal_moves_v3,e2b,Gemma 4 E2B,32,0,2.058666666666667,0.03918534517288208
gemma4_e2b_all_legal_moves_v3,e2b,Gemma 4 E2B,32,0,2.0693333333333332,0.02838830351829529
gemma4_e2b_all_legal_moves_v3,e2b,Gemma 4 E2B,32,0,2.08,0.026071053743362427
gemma4_e2b_all_legal_moves_v3,e2b,Gemma 4 E2B,32,0,2.0906666666666665,0.025507795810699462
gemma4_e2b_all_legal_moves_v3,e2b,Gemma 4 E2B,32,0,2.1013333333333333,0.02668546438217163
gemma4_e2b_all_legal_moves_v3,e2b,Gemma 4 E2B,32,0,2.112,0.029942190647125243
gemma4_e2b_all_legal_moves_v3,e2b,Gemma 4 E2B,32,0,2.1226666666666665,0.03531097173690796
gemma4_e2b_all_legal_moves_v3,e2b,Gemma 4 E2B,32,0,2.1333333333333333,0.03886046707630157
gemma4_e2b_all_legal_moves_v3,e2b,Gemma 4 E2B,32,0,2.144,0.037408271431922914
gemma4_e2b_all_legal_moves_v3,e2b,Gemma 4 E2B,32,0,2.1546666666666665,0.03243672251701355
gemma4_e2b_all_legal_moves_v3,e2b,Gemma 4 E2B,32,0,2.1653333333333333,0.028677046298980713
gemma4_e2b_all_legal_moves_v3,e2b,Gemma 4 E2B,32,0,2.176,0.026703330874443054
gemma4_e2b_all_legal_moves_v3,e2b,Gemma 4 E2B,32,0,2.1866666666666665,0.024818176031112672
gemma4_e2b_all_legal_moves_v3,e2b,Gemma 4 E2B,32,0,2.1973333333333334,0.026022279262542726
gemma4_e2b_all_legal_moves_v3,e2b,Gemma 4 E2B,32,0,2.208,0.025181686878204344
gemma4_e2b_all_legal_moves_v3,e2b,Gemma 4 E2B,32,0,2.2186666666666666,0.023979970812797548
gemma4_e2b_all_legal_moves_v3,e2b,Gemma 4 E2B,32,0,2.2293333333333334,0.025341224670410157
gemma4_e2b_all_legal_moves_v3,e2b,Gemma 4 E2B,32,0,2.24,0.030999791622161866
gemma4_e2b_all_legal_moves_v3,e2b,Gemma 4 E2B,32,0,2.2506666666666666,0.041992786526679995
gemma4_e2b_all_legal_moves_v3,e2b,Gemma 4 E2B,32,0,2.2613333333333334,0.037898790836334226
gemma4_e2b_all_legal_moves_v3,e2b,Gemma 4 E2B,32,0,2.2720000000000002,0.034742105007171634
gemma4_e2b_all_legal_moves_v3,e2b,Gemma 4 E2B,32,0,2.2826666666666666,0.027940335869789123
gemma4_e2b_all_legal_moves_v3,e2b,Gemma 4 E2B,32,0,2.2933333333333334,0.02621871531009674
gemma4_e2b_all_legal_moves_v3,e2b,Gemma 4 E2B,32,0,2.304,0.024851644039154054
gemma4_e2b_all_legal_moves_v3,e2b,Gemma 4 E2B,32,0,2.3146666666666667,0.024889667332172394
gemma4_e2b_all_legal_moves_v3,e2b,Gemma 4 E2B,32,0,2.3253333333333335,0.02434943914413452
gemma4_e2b_all_legal_moves_v3,e2b,Gemma 4 E2B,32,0,2.336,0.024566417932510375
gemma4_e2b_all_legal_moves_v3,e2b,Gemma 4 E2B,32,0,2.3466666666666667,0.024606169760227205
gemma4_e2b_all_legal_moves_v3,e2b,Gemma 4 E2B,32,0,2.3573333333333335,0.023401696979999543
gemma4_e2b_all_legal_moves_v3,e2b,Gemma 4 E2B,32,0,2.368,0.023774078488349913
gemma4_e2b_all_legal_moves_v3,e2b,Gemma 4 E2B,32,0,2.3786666666666667,0.02352127432823181
gemma4_e2b_all_legal_moves_v3,e2b,Gemma 4 E2B,32,0,2.389333333333333,0.030087780952453614
gemma4_e2b_all_legal_moves_v3,e2b,Gemma 4 E2B,32,0,2.4,0.03743241727352142
gemma4_e2b_all_legal_moves_v3,e2b,Gemma 4 E2B,32,0,2.4106666666666667,0.041764214634895325
gemma4_e2b_all_legal_moves_v3,e2b,Gemma 4 E2B,32,0,2.421333333333333,0.03751846849918365
gemma4_e2b_all_legal_moves_v3,e2b,Gemma 4 E2B,32,0,2.432,0.030144128203392028
gemma4_e2b_all_legal_moves_v3,e2b,Gemma 4 E2B,32,0,2.4426666666666668,0.02656165063381195
gemma4_e2b_all_legal_moves_v3,e2b,Gemma 4 E2B,32,0,2.453333333333333,0.023959347605705263
gemma4_e2b_all_legal_moves_v3,e2b,Gemma 4 E2B,32,0,2.464,0.023237089812755584
gemma4_e2b_all_legal_moves_v3,e2b,Gemma 4 E2B,32,0,2.474666666666667,0.023734115064144135
gemma4_e2b_all_legal_moves_v3,e2b,Gemma 4 E2B,32,0,2.485333333333333,0.022933575510978698
gemma4_e2b_all_legal_moves_v3,e2b,Gemma 4 E2B,32,0,2.496,0.022909340262413026
gemma4_e2b_all_legal_moves_v3,e2b,Gemma 4 E2B,32,0,2.506666666666667,0.023635953664779663
gemma4_e2b_all_legal_moves_v3,e2b,Gemma 4 E2B,32,0,2.517333333333333,0.02477928102016449
gemma4_e2b_all_legal_moves_v3,e2b,Gemma 4 E2B,32,0,2.528,0.021627454459667204
gemma4_e2b_all_legal_moves_v3,e2b,Gemma 4 E2B,32,0,2.538666666666667,0.023592823743820192
gemma4_e2b_all_legal_moves_v3,e2b,Gemma 4 E2B,32,0,2.5493333333333332,0.03628605604171753
gemma4_e2b_all_legal_moves_v3,e2b,Gemma 4 E2B,32,0,2.56,0.03820519149303436
gemma4_e2b_all_legal_moves_v3,e2b,Gemma 4 E2B,32,0,2.570666666666667,0.03682047426700592
gemma4_e2b_all_legal_moves_v3,e2b,Gemma 4 E2B,32,0,2.5813333333333333,0.03594364821910858
gemma4_e2b_all_legal_moves_v3,e2b,Gemma 4 E2B,32,0,2.592,0.02377070188522339
gemma4_e2b_all_legal_moves_v3,e2b,Gemma 4 E2B,32,0,2.602666666666667,0.024680133163928985
gemma4_e2b_all_legal_moves_v3,e2b,Gemma 4 E2B,32,0,2.6133333333333333,0.023079118132591246
gemma4_e2b_all_legal_moves_v3,e2b,Gemma 4 E2B,32,0,2.624,0.02338220030069351
gemma4_e2b_all_legal_moves_v3,e2b,Gemma 4 E2B,32,0,2.634666666666667,0.021384446322917937
gemma4_e2b_all_legal_moves_v3,e2b,Gemma 4 E2B,32,0,2.6453333333333333,0.02386184483766556
gemma4_e2b_all_legal_moves_v3,e2b,Gemma 4 E2B,32,0,2.656,0.022880363464355468
gemma4_e2b_all_legal_moves_v3,e2b,Gemma 4 E2B,32,0,2.6666666666666665,0.022330702841281892
gemma4_e2b_all_legal_moves_v3,e2b,Gemma 4 E2B,32,0,2.6773333333333333,0.021639862656593324
gemma4_e2b_all_legal_moves_v3,e2b,Gemma 4 E2B,32,0,2.6879999999999997,0.02237115055322647
gemma4_e2b_all_legal_moves_v3,e2b,Gemma 4 E2B,32,0,2.6986666666666665,0.036626994609832764
gemma4_e2b_all_legal_moves_v3,e2b,Gemma 4 E2B,32,0,2.7093333333333334,0.037814879417419435
gemma4_e2b_all_legal_moves_v3,e2b,Gemma 4 E2B,32,0,2.7199999999999998,0.037771469354629515
gemma4_e2b_all_legal_moves_v3,e2b,Gemma 4 E2B,32,0,2.7306666666666666,0.03130298852920532
gemma4_e2b_all_legal_moves_v3,e2b,Gemma 4 E2B,32,0,2.7413333333333334,0.02423003762960434
gemma4_e2b_all_legal_moves_v3,e2b,Gemma 4 E2B,32,0,2.752,0.023951974511146546
gemma4_e2b_all_legal_moves_v3,e2b,Gemma 4 E2B,32,0,2.7626666666666666,0.023426833748817443
gemma4_e2b_all_legal_moves_v3,e2b,Gemma 4 E2B,32,0,2.7733333333333334,0.02286083996295929
gemma4_e2b_all_legal_moves_v3,e2b,Gemma 4 E2B,32,0,2.784,0.02122620791196823
gemma4_e2b_all_legal_moves_v3,e2b,Gemma 4 E2B,32,0,2.7946666666666666,0.02267962843179703
gemma4_e2b_all_legal_moves_v3,e2b,Gemma 4 E2B,32,0,2.8053333333333335,0.02239278852939606
gemma4_e2b_all_legal_moves_v3,e2b,Gemma 4 E2B,32,0,2.816,0.034276121854782106
gemma4_e2b_all_legal_moves_v3,e2b,Gemma 4 E2B,32,0,2.8266666666666667,0.03952726423740387
gemma4_e2b_all_legal_moves_v3,e2b,Gemma 4 E2B,32,0,2.8373333333333335,0.03962127864360809
gemma4_e2b_all_legal_moves_v3,e2b,Gemma 4 E2B,32,0,2.848,0.023719772696495056
gemma4_e2b_all_legal_moves_v3,e2b,Gemma 4 E2B,32,0,2.8586666666666667,0.028909143805503846
gemma4_e2b_all_legal_moves_v3,e2b,Gemma 4 E2B,32,0,2.8693333333333335,0.025087001919746398
gemma4_e2b_all_legal_moves_v3,e2b,Gemma 4 E2B,32,0,2.88,0.024228905141353608
gemma4_e2b_all_legal_moves_v3,e2b,Gemma 4 E2B,32,0,2.8906666666666667,0.022888724505901337
gemma4_e2b_all_legal_moves_v3,e2b,Gemma 4 E2B,32,0,2.9013333333333335,0.022980034351348877
gemma4_e2b_all_legal_moves_v3,e2b,Gemma 4 E2B,32,0,2.912,0.03470501899719238
gemma4_e2b_all_legal_moves_v3,e2b,Gemma 4 E2B,32,0,2.9226666666666667,0.036912035942077634
gemma4_e2b_all_legal_moves_v3,e2b,Gemma 4 E2B,32,0,2.9333333333333336,0.028080248832702638
gemma4_e2b_all_legal_moves_v3,e2b,Gemma 4 E2B,32,0,2.944,0.03071083426475525
gemma4_e2b_all_legal_moves_v3,e2b,Gemma 4 E2B,32,0,2.9546666666666668,0.022405484318733217
gemma4_e2b_all_legal_moves_v3,e2b,Gemma 4 E2B,32,0,2.9653333333333336,0.0275064617395401
gemma4_e2b_all_legal_moves_v3,e2b,Gemma 4 E2B,32,0,2.976,0.035291033983230594
gemma4_e2b_all_legal_moves_v3,e2b,Gemma 4 E2B,32,0,2.986666666666667,0.033689993619918826
gemma4_e2b_all_legal_moves_v3,e2b,Gemma 4 E2B,32,0,2.997333333333333,0.03154228925704956
gemma4_e2b_all_legal_moves_v3,e2b,Gemma 4 E2B,32,0,3.008,0.024245698750019074
gemma4_e2b_all_legal_moves_v3,e2b,Gemma 4 E2B,32,0,3.018666666666667,0.019274474680423738
gemma4_e2b_all_legal_moves_v3,e2b,Gemma 4 E2B,32,0,3.029333333333333,0.018828538060188294
gemma4_e2b_all_legal_moves_v3,e2b,Gemma 4 E2B,32,0,3.04,0.026998412609100342
gemma4_e2b_all_legal_moves_v3,e2b,Gemma 4 E2B,32,0,3.050666666666667,0.031248417496681214
gemma4_e2b_all_legal_moves_v3,e2b,Gemma 4 E2B,32,0,3.0613333333333332,0.024981367588043212
gemma4_e2b_all_legal_moves_v3,e2b,Gemma 4 E2B,32,0,3.072,0.019290576875209808
gemma4_e2b_all_legal_moves_v3,e2b,Gemma 4 E2B,32,0,3.0826666666666664,0.018734411895275117
gemma4_e2b_all_legal_moves_v3,e2b,Gemma 4 E2B,32,0,3.0933333333333333,0.017815682291984557
gemma4_e2b_all_legal_moves_v3,e2b,Gemma 4 E2B,32,0,3.104,0.018290676176548004
gemma4_e2b_all_legal_moves_v3,e2b,Gemma 4 E2B,32,0,3.1146666666666665,0.01933530569076538
gemma4_e2b_all_legal_moves_v3,e2b,Gemma 4 E2B,32,0,3.1253333333333333,0.02627459466457367
gemma4_e2b_all_legal_moves_v3,e2b,Gemma 4 E2B,32,0,3.136,0.028612959384918212
gemma4_e2b_all_legal_moves_v3,e2b,Gemma 4 E2B,32,0,3.1466666666666665,0.024755209684371948
gemma4_e2b_all_legal_moves_v3,e2b,Gemma 4 E2B,32,0,3.1573333333333333,0.020910902321338652
gemma4_e2b_all_legal_moves_v3,e2b,Gemma 4 E2B,32,0,3.168,0.020016713440418242
gemma4_e2b_all_legal_moves_v3,e2b,Gemma 4 E2B,32,0,3.1786666666666665,0.018528734147548676
gemma4_e2b_all_legal_moves_v3,e2b,Gemma 4 E2B,32,0,3.1893333333333334,0.016879163682460785
gemma4_e2b_all_legal_moves_v3,e2b,Gemma 4 E2B,32,0,3.2,0.0173500195145607
gemma4_e2b_all_legal_moves_v3,e2b,Gemma 4 E2B,32,0,3.2106666666666666,0.017935644090175628
gemma4_e2b_all_legal_moves_v3,e2b,Gemma 4 E2B,32,0,3.2213333333333334,0.017410074174404145
gemma4_e2b_all_legal_moves_v3,e2b,Gemma 4 E2B,32,0,3.232,0.017526262998580934
gemma4_e2b_all_legal_moves_v3,e2b,Gemma 4 E2B,32,0,3.2426666666666666,0.024139632284641267
gemma4_e2b_all_legal_moves_v3,e2b,Gemma 4 E2B,32,0,3.2533333333333334,0.028974494338035582
gemma4_e2b_all_legal_moves_v3,e2b,Gemma 4 E2B,32,0,3.2640000000000002,0.027431553602218627
gemma4_e2b_all_legal_moves_v3,e2b,Gemma 4 E2B,32,0,3.2746666666666666,0.02207997292280197
gemma4_e2b_all_legal_moves_v3,e2b,Gemma 4 E2B,32,0,3.2853333333333334,0.0197067528963089
gemma4_e2b_all_legal_moves_v3,e2b,Gemma 4 E2B,32,0,3.296,0.019290006160736083
gemma4_e2b_all_legal_moves_v3,e2b,Gemma 4 E2B,32,0,3.3066666666666666,0.018139609694480897
gemma4_e2b_all_legal_moves_v3,e2b,Gemma 4 E2B,32,0,3.3173333333333335,0.01817300319671631
gemma4_e2b_all_legal_moves_v3,e2b,Gemma 4 E2B,32,0,3.328,0.01711302399635315
gemma4_e2b_all_legal_moves_v3,e2b,Gemma 4 E2B,32,0,3.3386666666666667,0.0190721794962883
gemma4_e2b_all_legal_moves_v3,e2b,Gemma 4 E2B,32,0,3.3493333333333335,0.01786290854215622
gemma4_e2b_all_legal_moves_v3,e2b,Gemma 4 E2B,32,0,3.36,0.01601482480764389
gemma4_e2b_all_legal_moves_v3,e2b,Gemma 4 E2B,32,0,3.3706666666666667,0.017278578877449036
gemma4_e2b_all_legal_moves_v3,e2b,Gemma 4 E2B,32,0,3.3813333333333335,0.01736905574798584
gemma4_e2b_all_legal_moves_v3,e2b,Gemma 4 E2B,32,0,3.392,0.0228990837931633
gemma4_e2b_all_legal_moves_v3,e2b,Gemma 4 E2B,32,0,3.4026666666666667,0.026616981625556944
gemma4_e2b_all_legal_moves_v3,e2b,Gemma 4 E2B,32,0,3.413333333333333,0.029431113600730897
gemma4_e2b_all_legal_moves_v3,e2b,Gemma 4 E2B,32,0,3.424,0.025290203094482423
gemma4_e2b_all_legal_moves_v3,e2b,Gemma 4 E2B,32,0,3.4346666666666668,0.018223784863948822
gemma4_e2b_all_legal_moves_v3,e2b,Gemma 4 E2B,32,0,3.445333333333333,0.01878978908061981
gemma4_e2b_all_legal_moves_v3,e2b,Gemma 4 E2B,32,0,3.456,0.01797295957803726
gemma4_e2b_all_legal_moves_v3,e2b,Gemma 4 E2B,32,0,3.466666666666667,0.016956861317157745
gemma4_e2b_all_legal_moves_v3,e2b,Gemma 4 E2B,32,0,3.477333333333333,0.016684141755104066
gemma4_e2b_all_legal_moves_v3,e2b,Gemma 4 E2B,32,0,3.488,0.016793763637542723
gemma4_e2b_all_legal_moves_v3,e2b,Gemma 4 E2B,32,0,3.498666666666667,0.016578283905982972
gemma4_e2b_all_legal_moves_v3,e2b,Gemma 4 E2B,32,0,3.509333333333333,0.017608650028705597
gemma4_e2b_all_legal_moves_v3,e2b,Gemma 4 E2B,32,0,3.52,0.017311573028564453
gemma4_e2b_all_legal_moves_v3,e2b,Gemma 4 E2B,32,0,3.530666666666667,0.016204731166362764
gemma4_e2b_all_legal_moves_v3,e2b,Gemma 4 E2B,32,0,3.541333333333333,0.018869739770889283
gemma4_e2b_all_legal_moves_v3,e2b,Gemma 4 E2B,32,0,3.552,0.027680379152297974
gemma4_e2b_all_legal_moves_v3,e2b,Gemma 4 E2B,32,0,3.562666666666667,0.0248894527554512
gemma4_e2b_all_legal_moves_v3,e2b,Gemma 4 E2B,32,0,3.5733333333333333,0.02771930694580078
gemma4_e2b_all_legal_moves_v3,e2b,Gemma 4 E2B,32,0,3.584,0.020682291686534883
gemma4_e2b_all_legal_moves_v3,e2b,Gemma 4 E2B,32,0,3.594666666666667,0.016876590251922608
gemma4_e2b_all_legal_moves_v3,e2b,Gemma 4 E2B,32,0,3.6053333333333333,0.017499461770057678
gemma4_e2b_all_legal_moves_v3,e2b,Gemma 4 E2B,32,0,3.616,0.017141230404376984
gemma4_e2b_all_legal_moves_v3,e2b,Gemma 4 E2B,32,0,3.626666666666667,0.016576628386974334
gemma4_e2b_all_legal_moves_v3,e2b,Gemma 4 E2B,32,0,3.6373333333333333,0.015376488864421844
gemma4_e2b_all_legal_moves_v3,e2b,Gemma 4 E2B,32,0,3.648,0.018100082874298096
gemma4_e2b_all_legal_moves_v3,e2b,Gemma 4 E2B,32,0,3.6586666666666665,0.01627974510192871
gemma4_e2b_all_legal_moves_v3,e2b,Gemma 4 E2B,32,0,3.6693333333333333,0.01531050056219101
gemma4_e2b_all_legal_moves_v3,e2b,Gemma 4 E2B,32,0,3.68,0.01630275547504425
gemma4_e2b_all_legal_moves_v3,e2b,Gemma 4 E2B,32,0,3.6906666666666665,0.019312427937984468
gemma4_e2b_all_legal_moves_v3,e2b,Gemma 4 E2B,32,0,3.7013333333333334,0.024749678373336793
gemma4_e2b_all_legal_moves_v3,e2b,Gemma 4 E2B,32,0,3.7119999999999997,0.02524484694004059
gemma4_e2b_all_legal_moves_v3,e2b,Gemma 4 E2B,32,0,3.7226666666666666,0.025741192698478698
gemma4_e2b_all_legal_moves_v3,e2b,Gemma 4 E2B,32,0,3.7333333333333334,0.019588105380535126
gemma4_e2b_all_legal_moves_v3,e2b,Gemma 4 E2B,32,0,3.7439999999999998,0.017725619673728942
gemma4_e2b_all_legal_moves_v3,e2b,Gemma 4 E2B,32,0,3.7546666666666666,0.016862283647060394
gemma4_e2b_all_legal_moves_v3,e2b,Gemma 4 E2B,32,0,3.7653333333333334,0.016312353312969208
gemma4_e2b_all_legal_moves_v3,e2b,Gemma 4 E2B,32,0,3.776,0.01747318059206009
gemma4_e2b_all_legal_moves_v3,e2b,Gemma 4 E2B,32,0,3.7866666666666666,0.014950801432132722
gemma4_e2b_all_legal_moves_v3,e2b,Gemma 4 E2B,32,0,3.7973333333333334,0.016800101101398467
gemma4_e2b_all_legal_moves_v3,e2b,Gemma 4 E2B,32,0,3.808,0.016319355368614195
gemma4_e2b_all_legal_moves_v3,e2b,Gemma 4 E2B,32,0,3.8186666666666667,0.02595263421535492
gemma4_e2b_all_legal_moves_v3,e2b,Gemma 4 E2B,32,0,3.8293333333333335,0.02745298743247986
gemma4_e2b_all_legal_moves_v3,e2b,Gemma 4 E2B,32,0,3.84,0.025303256511688233
gemma4_e2b_all_legal_moves_v3,e2b,Gemma 4 E2B,32,0,3.8506666666666667,0.014705273509025573
gemma4_e2b_all_legal_moves_v3,e2b,Gemma 4 E2B,32,0,3.8613333333333335,0.021136607229709625
gemma4_e2b_all_legal_moves_v3,e2b,Gemma 4 E2B,32,0,3.872,0.017336292564868926
gemma4_e2b_all_legal_moves_v3,e2b,Gemma 4 E2B,32,0,3.8826666666666667,0.01822589188814163
gemma4_e2b_all_legal_moves_v3,e2b,Gemma 4 E2B,32,0,3.8933333333333335,0.015482276678085327
gemma4_e2b_all_legal_moves_v3,e2b,Gemma 4 E2B,32,0,3.904,0.019613809883594513
gemma4_e2b_all_legal_moves_v3,e2b,Gemma 4 E2B,32,0,3.9146666666666667,0.024649354815483093
gemma4_e2b_all_legal_moves_v3,e2b,Gemma 4 E2B,32,0,3.9253333333333336,0.02186047434806824
gemma4_e2b_all_legal_moves_v3,e2b,Gemma 4 E2B,32,0,3.936,0.02332643121480942
gemma4_e2b_all_legal_moves_v3,e2b,Gemma 4 E2B,32,0,3.9466666666666668,0.019839377701282503
gemma4_e2b_all_legal_moves_v3,e2b,Gemma 4 E2B,32,0,3.9573333333333336,0.015274724364280701
gemma4_e2b_all_legal_moves_v3,e2b,Gemma 4 E2B,32,0,3.968,0.02291213572025299
gemma4_e2b_all_legal_moves_v3,e2b,Gemma 4 E2B,32,0,3.978666666666667,0.019922663271427155
gemma4_e2b_all_legal_moves_v3,e2b,Gemma 4 E2B,32,0,3.989333333333333,0.024210911989212037
gemma4_e2b_all_legal_moves_v3,e2b,Gemma 4 E2B,32,0,4.0,0.02236084043979645
gemma4_e2b_all_legal_moves_v3,e2b,Gemma 4 E2B,32,0,4.010666666666666,0.013702164590358733
gemma4_e2b_all_legal_moves_v3,e2b,Gemma 4 E2B,32,0,4.021333333333334,0.014007078111171722
gemma4_e2b_all_legal_moves_v3,e2b,Gemma 4 E2B,32,0,4.032,0.012810216844081878
gemma4_e2b_all_legal_moves_v3,e2b,Gemma 4 E2B,32,0,4.042666666666666,0.021248269081115722
gemma4_e2b_all_legal_moves_v3,e2b,Gemma 4 E2B,32,0,4.053333333333334,0.022427278757095336
gemma4_e2b_all_legal_moves_v3,e2b,Gemma 4 E2B,32,0,4.064,0.01597275733947754
gemma4_e2b_all_legal_moves_v3,e2b,Gemma 4 E2B,32,0,4.074666666666666,0.014625728130340576
gemma4_e2b_all_legal_moves_v3,e2b,Gemma 4 E2B,32,0,4.085333333333334,0.01376931220293045
gemma4_e2b_all_legal_moves_v3,e2b,Gemma 4 E2B,32,0,4.096,0.013661772012710571
gemma4_e2b_all_legal_moves_v3,e2b,Gemma 4 E2B,32,0,4.1066666666666665,0.0134906604886055
gemma4_e2b_all_legal_moves_v3,e2b,Gemma 4 E2B,32,0,4.117333333333334,0.013300582766532898
gemma4_e2b_all_legal_moves_v3,e2b,Gemma 4 E2B,32,0,4.128,0.0206606388092041
gemma4_e2b_all_legal_moves_v3,e2b,Gemma 4 E2B,32,0,4.1386666666666665,0.02025817483663559
gemma4_e2b_all_legal_moves_v3,e2b,Gemma 4 E2B,32,0,4.149333333333334,0.016769233345985412
gemma4_e2b_all_legal_moves_v3,e2b,Gemma 4 E2B,32,0,4.16,0.014235703647136689
gemma4_e2b_all_legal_moves_v3,e2b,Gemma 4 E2B,32,0,4.1706666666666665,0.014443431794643403
gemma4_e2b_all_legal_moves_v3,e2b,Gemma 4 E2B,32,0,4.181333333333333,0.012369610369205475
gemma4_e2b_all_legal_moves_v3,e2b,Gemma 4 E2B,32,0,4.192,0.01257246732711792
gemma4_e2b_all_legal_moves_v3,e2b,Gemma 4 E2B,32,0,4.2026666666666666,0.013064347207546234
gemma4_e2b_all_legal_moves_v3,e2b,Gemma 4 E2B,32,0,4.213333333333333,0.011280832439661026
gemma4_e2b_all_legal_moves_v3,e2b,Gemma 4 E2B,32,0,4.224,0.012513133883476257
gemma4_e2b_all_legal_moves_v3,e2b,Gemma 4 E2B,32,0,4.234666666666667,0.01185094639658928
gemma4_e2b_all_legal_moves_v3,e2b,Gemma 4 E2B,32,0,4.245333333333333,0.019264848530292512
gemma4_e2b_all_legal_moves_v3,e2b,Gemma 4 E2B,32,0,4.256,0.019170486927032472
gemma4_e2b_all_legal_moves_v3,e2b,Gemma 4 E2B,32,0,4.266666666666667,0.018679672479629518
gemma4_e2b_all_legal_moves_v3,e2b,Gemma 4 E2B,32,0,4.277333333333333,0.01344713568687439
gemma4_e2b_all_legal_moves_v3,e2b,Gemma 4 E2B,32,0,4.288,0.01363486349582672
gemma4_e2b_all_legal_moves_v3,e2b,Gemma 4 E2B,32,0,4.298666666666667,0.014214836061000824
gemma4_e2b_all_legal_moves_v3,e2b,Gemma 4 E2B,32,0,4.309333333333333,0.012962225079536437
gemma4_e2b_all_legal_moves_v3,e2b,Gemma 4 E2B,32,0,4.32,0.012423860281705857
gemma4_e2b_all_legal_moves_v3,e2b,Gemma 4 E2B,32,0,4.330666666666667,0.012111904472112656
gemma4_e2b_all_legal_moves_v3,e2b,Gemma 4 E2B,32,0,4.341333333333333,0.013588771224021912
gemma4_e2b_all_legal_moves_v3,e2b,Gemma 4 E2B,32,0,4.352,0.012711378931999206
gemma4_e2b_all_legal_moves_v3,e2b,Gemma 4 E2B,32,0,4.362666666666667,0.01160731092095375
gemma4_e2b_all_legal_moves_v3,e2b,Gemma 4 E2B,32,0,4.373333333333333,0.012160032987594604
gemma4_e2b_all_legal_moves_v3,e2b,Gemma 4 E2B,32,0,4.384,0.01231057196855545
gemma4_e2b_all_legal_moves_v3,e2b,Gemma 4 E2B,32,0,4.394666666666667,0.016579295694828033
gemma4_e2b_all_legal_moves_v3,e2b,Gemma 4 E2B,32,0,4.405333333333333,0.017520156502723695
gemma4_e2b_all_legal_moves_v3,e2b,Gemma 4 E2B,32,0,4.416,0.018402914702892303
gemma4_e2b_all_legal_moves_v3,e2b,Gemma 4 E2B,32,0,4.426666666666667,0.01579253077507019
gemma4_e2b_all_legal_moves_v3,e2b,Gemma 4 E2B,32,0,4.437333333333333,0.011924502998590469
gemma4_e2b_all_legal_moves_v3,e2b,Gemma 4 E2B,32,0,4.448,0.013227997720241547
gemma4_e2b_all_legal_moves_v3,e2b,Gemma 4 E2B,32,0,4.458666666666667,0.012436611205339431
gemma4_e2b_all_legal_moves_v3,e2b,Gemma 4 E2B,32,0,4.469333333333333,0.012456277012825012
gemma4_e2b_all_legal_moves_v3,e2b,Gemma 4 E2B,32,0,4.48,0.011975906044244766
gemma4_e2b_all_legal_moves_v3,e2b,Gemma 4 E2B,32,0,4.490666666666667,0.012161749601364135
gemma4_e2b_all_legal_moves_v3,e2b,Gemma 4 E2B,32,0,4.501333333333333,0.011159980297088623
gemma4_e2b_all_legal_moves_v3,e2b,Gemma 4 E2B,32,0,4.5120000000000005,0.012231932580471038
gemma4_e2b_all_legal_moves_v3,e2b,Gemma 4 E2B,32,0,4.522666666666667,0.01155000552535057
gemma4_e2b_all_legal_moves_v3,e2b,Gemma 4 E2B,32,0,4.533333333333333,0.011041232198476792
gemma4_e2b_all_legal_moves_v3,e2b,Gemma 4 E2B,32,0,4.5440000000000005,0.015267165005207061
gemma4_e2b_all_legal_moves_v3,e2b,Gemma 4 E2B,32,0,4.554666666666667,0.01633768081665039
gemma4_e2b_all_legal_moves_v3,e2b,Gemma 4 E2B,32,0,4.565333333333333,0.01665000319480896
gemma4_e2b_all_legal_moves_v3,e2b,Gemma 4 E2B,32,0,4.576,0.017952197790145875
gemma4_e2b_all_legal_moves_v3,e2b,Gemma 4 E2B,32,0,4.586666666666667,0.01053445264697075
gemma4_e2b_all_legal_moves_v3,e2b,Gemma 4 E2B,32,0,4.597333333333333,0.011617620289325715
gemma4_e2b_all_legal_moves_v3,e2b,Gemma 4 E2B,32,0,4.608,0.012228770554065705
gemma4_e2b_all_legal_moves_v3,e2b,Gemma 4 E2B,32,0,4.618666666666667,0.011901684850454331
gemma4_e2b_all_legal_moves_v3,e2b,Gemma 4 E2B,32,0,4.629333333333333,0.010823436081409454
gemma4_e2b_all_legal_moves_v3,e2b,Gemma 4 E2B,32,0,4.64,0.011964844912290573
gemma4_e2b_all_legal_moves_v3,e2b,Gemma 4 E2B,32,0,4.650666666666667,0.012188050895929337
gemma4_e2b_all_legal_moves_v3,e2b,Gemma 4 E2B,32,0,4.661333333333333,0.011695152521133423
gemma4_e2b_all_legal_moves_v3,e2b,Gemma 4 E2B,32,0,4.672,0.010233287513256074
gemma4_e2b_all_legal_moves_v3,e2b,Gemma 4 E2B,32,0,4.682666666666667,0.011471148580312729
gemma4_e2b_all_legal_moves_v3,e2b,Gemma 4 E2B,32,0,4.693333333333333,0.014049345254898071
gemma4_e2b_all_legal_moves_v3,e2b,Gemma 4 E2B,32,0,4.704,0.015728768706321717
gemma4_e2b_all_legal_moves_v3,e2b,Gemma 4 E2B,32,0,4.714666666666667,0.015773694217205047
gemma4_e2b_all_legal_moves_v3,e2b,Gemma 4 E2B,32,0,4.725333333333333,0.01650424301624298
gemma4_e2b_all_legal_moves_v3,e2b,Gemma 4 E2B,32,0,4.736,0.011026710271835327
gemma4_e2b_all_legal_moves_v3,e2b,Gemma 4 E2B,32,0,4.746666666666667,0.012096688896417618
gemma4_e2b_all_legal_moves_v3,e2b,Gemma 4 E2B,32,0,4.757333333333333,0.012393920123577118
gemma4_e2b_all_legal_moves_v3,e2b,Gemma 4 E2B,32,0,4.768,0.01164441481232643
gemma4_e2b_all_legal_moves_v3,e2b,Gemma 4 E2B,32,0,4.778666666666666,0.011911801248788833
gemma4_e2b_all_legal_moves_v3,e2b,Gemma 4 E2B,32,0,4.789333333333333,0.01097167208790779
gemma4_e2b_all_legal_moves_v3,e2b,Gemma 4 E2B,32,0,4.8,0.01106582283973694
gemma4_e2b_all_legal_moves_v3,e2b,Gemma 4 E2B,32,0,4.810666666666666,0.012789225578308106
gemma4_e2b_all_legal_moves_v3,e2b,Gemma 4 E2B,32,0,4.8213333333333335,0.016915883123874664
gemma4_e2b_all_legal_moves_v3,e2b,Gemma 4 E2B,32,0,4.832,0.017188386619091035
gemma4_e2b_all_legal_moves_v3,e2b,Gemma 4 E2B,32,0,4.842666666666666,0.01396847665309906
gemma4_e2b_all_legal_moves_v3,e2b,Gemma 4 E2B,32,0,4.8533333333333335,0.011118046939373016
gemma4_e2b_all_legal_moves_v3,e2b,Gemma 4 E2B,32,0,4.864,0.013394713401794434
gemma4_e2b_all_legal_moves_v3,e2b,Gemma 4 E2B,32,0,4.874666666666666,0.011811396479606629
gemma4_e2b_all_legal_moves_v3,e2b,Gemma 4 E2B,32,0,4.8853333333333335,0.011860692501068115
gemma4_e2b_all_legal_moves_v3,e2b,Gemma 4 E2B,32,0,4.896,0.010871687531471252
gemma4_e2b_all_legal_moves_v3,e2b,Gemma 4 E2B,32,0,4.906666666666666,0.014660127460956573
gemma4_e2b_all_legal_moves_v3,e2b,Gemma 4 E2B,32,0,4.917333333333334,0.015524698793888092
gemma4_e2b_all_legal_moves_v3,e2b,Gemma 4 E2B,32,0,4.928,0.012178756296634674
gemma4_e2b_all_legal_moves_v3,e2b,Gemma 4 E2B,32,0,4.938666666666666,0.01622301936149597
gemma4_e2b_all_legal_moves_v3,e2b,Gemma 4 E2B,32,0,4.949333333333334,0.012738588452339172
gemma4_e2b_all_legal_moves_v3,e2b,Gemma 4 E2B,32,0,4.96,0.011366043984889985
gemma4_e2b_all_legal_moves_v3,e2b,Gemma 4 E2B,32,0,4.970666666666666,0.015147700905799866
gemma4_e2b_all_legal_moves_v3,e2b,Gemma 4 E2B,32,0,4.981333333333334,0.01410399228334427
gemma4_e2b_all_legal_moves_v3,e2b,Gemma 4 E2B,32,0,4.992,0.014478005468845367
gemma4_e4b_all_legal_moves_v4,e4b,Gemma 4 E4B,16,0,0.010666666666666666,1.556087112426758
gemma4_e4b_all_legal_moves_v4,e4b,Gemma 4 E4B,16,0,0.021333333333333333,0.8117238998413085
gemma4_e4b_all_legal_moves_v4,e4b,Gemma 4 E4B,16,0,0.032,0.5339122772216797
gemma4_e4b_all_legal_moves_v4,e4b,Gemma 4 E4B,16,0,0.042666666666666665,0.3567602872848511
gemma4_e4b_all_legal_moves_v4,e4b,Gemma 4 E4B,16,0,0.05333333333333334,0.3005372047424316
gemma4_e4b_all_legal_moves_v4,e4b,Gemma 4 E4B,16,0,0.064,0.22521543502807617
gemma4_e4b_all_legal_moves_v4,e4b,Gemma 4 E4B,16,0,0.07466666666666667,0.18406269550323487
gemma4_e4b_all_legal_moves_v4,e4b,Gemma 4 E4B,16,0,0.08533333333333333,0.16300064325332642
gemma4_e4b_all_legal_moves_v4,e4b,Gemma 4 E4B,16,0,0.096,0.17271528244018555
gemma4_e4b_all_legal_moves_v4,e4b,Gemma 4 E4B,16,0,0.10666666666666667,0.160719633102417
gemma4_e4b_all_legal_moves_v4,e4b,Gemma 4 E4B,16,0,0.11733333333333333,0.14822301864624024
gemma4_e4b_all_legal_moves_v4,e4b,Gemma 4 E4B,16,0,0.128,0.1553059697151184
gemma4_e4b_all_legal_moves_v4,e4b,Gemma 4 E4B,16,0,0.13866666666666666,0.14471226930618286
gemma4_e4b_all_legal_moves_v4,e4b,Gemma 4 E4B,16,0,0.14933333333333335,0.15342118740081787
gemma4_e4b_all_legal_moves_v4,e4b,Gemma 4 E4B,16,0,0.16,0.12450236082077026
gemma4_e4b_all_legal_moves_v4,e4b,Gemma 4 E4B,16,0,0.17066666666666666,0.11309043169021607
gemma4_e4b_all_legal_moves_v4,e4b,Gemma 4 E4B,16,0,0.18133333333333335,0.10271024703979492
gemma4_e4b_all_legal_moves_v4,e4b,Gemma 4 E4B,16,0,0.192,0.1022504448890686
gemma4_e4b_all_legal_moves_v4,e4b,Gemma 4 E4B,16,0,0.20266666666666666,0.10858155488967895
gemma4_e4b_all_legal_moves_v4,e4b,Gemma 4 E4B,16,0,0.21333333333333335,0.1010172963142395
gemma4_e4b_all_legal_moves_v4,e4b,Gemma 4 E4B,16,0,0.224,0.09912991523742676
gemma4_e4b_all_legal_moves_v4,e4b,Gemma 4 E4B,16,0,0.23466666666666666,0.0962783694267273
gemma4_e4b_all_legal_moves_v4,e4b,Gemma 4 E4B,16,0,0.24533333333333332,0.11017054319381714
gemma4_e4b_all_legal_moves_v4,e4b,Gemma 4 E4B,16,0,0.256,0.10701336860656738
gemma4_e4b_all_legal_moves_v4,e4b,Gemma 4 E4B,16,0,0.26666666666666666,0.10292164087295533
gemma4_e4b_all_legal_moves_v4,e4b,Gemma 4 E4B,16,0,0.2773333333333333,0.10324853658676147
gemma4_e4b_all_legal_moves_v4,e4b,Gemma 4 E4B,16,0,0.288,0.08470481634140015
gemma4_e4b_all_legal_moves_v4,e4b,Gemma 4 E4B,16,0,0.2986666666666667,0.08108023405075074
gemma4_e4b_all_legal_moves_v4,e4b,Gemma 4 E4B,16,0,0.30933333333333335,0.07502402067184448
gemma4_e4b_all_legal_moves_v4,e4b,Gemma 4 E4B,16,0,0.32,0.0728420615196228
gemma4_e4b_all_legal_moves_v4,e4b,Gemma 4 E4B,16,0,0.33066666666666666,0.07485650181770324
gemma4_e4b_all_legal_moves_v4,e4b,Gemma 4 E4B,16,0,0.3413333333333333,0.07956427931785584
gemma4_e4b_all_legal_moves_v4,e4b,Gemma 4 E4B,16,0,0.352,0.07592045068740845
gemma4_e4b_all_legal_moves_v4,e4b,Gemma 4 E4B,16,0,0.3626666666666667,0.07305704951286315
gemma4_e4b_all_legal_moves_v4,e4b,Gemma 4 E4B,16,0,0.37333333333333335,0.07095142006874085
gemma4_e4b_all_legal_moves_v4,e4b,Gemma 4 E4B,16,0,0.384,0.07092465162277221
gemma4_e4b_all_legal_moves_v4,e4b,Gemma 4 E4B,16,0,0.39466666666666667,0.08029354810714721
gemma4_e4b_all_legal_moves_v4,e4b,Gemma 4 E4B,16,0,0.4053333333333333,0.08679877519607544
gemma4_e4b_all_legal_moves_v4,e4b,Gemma 4 E4B,16,0,0.416,0.0888744056224823
gemma4_e4b_all_legal_moves_v4,e4b,Gemma 4 E4B,16,0,0.4266666666666667,0.08066041469573974
gemma4_e4b_all_legal_moves_v4,e4b,Gemma 4 E4B,16,0,0.43733333333333335,0.07604390382766724
gemma4_e4b_all_legal_moves_v4,e4b,Gemma 4 E4B,16,0,0.448,0.06939315795898438
gemma4_e4b_all_legal_moves_v4,e4b,Gemma 4 E4B,16,0,0.45866666666666667,0.06088858246803284
gemma4_e4b_all_legal_moves_v4,e4b,Gemma 4 E4B,16,0,0.4693333333333333,0.05893492102622986
gemma4_e4b_all_legal_moves_v4,e4b,Gemma 4 E4B,16,0,0.48,0.06034348607063293
gemma4_e4b_all_legal_moves_v4,e4b,Gemma 4 E4B,16,0,0.49066666666666664,0.06312881708145142
gemma4_e4b_all_legal_moves_v4,e4b,Gemma 4 E4B,16,0,0.5013333333333333,0.06185706853866577
gemma4_e4b_all_legal_moves_v4,e4b,Gemma 4 E4B,16,0,0.512,0.06578754186630249
gemma4_e4b_all_legal_moves_v4,e4b,Gemma 4 E4B,16,0,0.5226666666666666,0.061749225854873656
gemma4_e4b_all_legal_moves_v4,e4b,Gemma 4 E4B,16,0,0.5333333333333333,0.06077348589897156
gemma4_e4b_all_legal_moves_v4,e4b,Gemma 4 E4B,16,0,0.544,0.0697985827922821
gemma4_e4b_all_legal_moves_v4,e4b,Gemma 4 E4B,16,0,0.5546666666666666,0.08174448013305664
gemma4_e4b_all_legal_moves_v4,e4b,Gemma 4 E4B,16,0,0.5653333333333334,0.07739672064781189
gemma4_e4b_all_legal_moves_v4,e4b,Gemma 4 E4B,16,0,0.576,0.08630383610725403
gemma4_e4b_all_legal_moves_v4,e4b,Gemma 4 E4B,16,0,0.5866666666666667,0.06641392707824707
gemma4_e4b_all_legal_moves_v4,e4b,Gemma 4 E4B,16,0,0.5973333333333334,0.060036700963973996
gemma4_e4b_all_legal_moves_v4,e4b,Gemma 4 E4B,16,0,0.608,0.05934885740280151
gemma4_e4b_all_legal_moves_v4,e4b,Gemma 4 E4B,16,0,0.6186666666666667,0.05462585091590881
gemma4_e4b_all_legal_moves_v4,e4b,Gemma 4 E4B,16,0,0.6293333333333333,0.05302882194519043
gemma4_e4b_all_legal_moves_v4,e4b,Gemma 4 E4B,16,0,0.64,0.05524250864982605
gemma4_e4b_all_legal_moves_v4,e4b,Gemma 4 E4B,16,0,0.6506666666666666,0.057658201456069945
gemma4_e4b_all_legal_moves_v4,e4b,Gemma 4 E4B,16,0,0.6613333333333333,0.05595390200614929
gemma4_e4b_all_legal_moves_v4,e4b,Gemma 4 E4B,16,0,0.672,0.054109889268875125
gemma4_e4b_all_legal_moves_v4,e4b,Gemma 4 E4B,16,0,0.6826666666666666,0.05356489419937134
gemma4_e4b_all_legal_moves_v4,e4b,Gemma 4 E4B,16,0,0.6933333333333334,0.06339063644409179
gemma4_e4b_all_legal_moves_v4,e4b,Gemma 4 E4B,16,0,0.704,0.07024527788162231
gemma4_e4b_all_legal_moves_v4,e4b,Gemma 4 E4B,16,0,0.7146666666666667,0.07184841632843017
gemma4_e4b_all_legal_moves_v4,e4b,Gemma 4 E4B,16,0,0.7253333333333334,0.07013137340545654
gemma4_e4b_all_legal_moves_v4,e4b,Gemma 4 E4B,16,0,0.736,0.05705464482307434
gemma4_e4b_all_legal_moves_v4,e4b,Gemma 4 E4B,16,0,0.7466666666666667,0.05415215492248535
gemma4_e4b_all_legal_moves_v4,e4b,Gemma 4 E4B,16,0,0.7573333333333333,0.05165107250213623
gemma4_e4b_all_legal_moves_v4,e4b,Gemma 4 E4B,16,0,0.768,0.04939437210559845
gemma4_e4b_all_legal_moves_v4,e4b,Gemma 4 E4B,16,0,0.7786666666666666,0.050642991065979005
gemma4_e4b_all_legal_moves_v4,e4b,Gemma 4 E4B,16,0,0.7893333333333333,0.04953362345695496
gemma4_e4b_all_legal_moves_v4,e4b,Gemma 4 E4B,16,0,0.8,0.04927633106708527
gemma4_e4b_all_legal_moves_v4,e4b,Gemma 4 E4B,16,0,0.8106666666666666,0.05326526761054993
gemma4_e4b_all_legal_moves_v4,e4b,Gemma 4 E4B,16,0,0.8213333333333334,0.07265099883079529
gemma4_e4b_all_legal_moves_v4,e4b,Gemma 4 E4B,16,0,0.832,0.07498968243598939
gemma4_e4b_all_legal_moves_v4,e4b,Gemma 4 E4B,16,0,0.8426666666666667,0.06567417979240417
gemma4_e4b_all_legal_moves_v4,e4b,Gemma 4 E4B,16,0,0.8533333333333334,0.05261850953102112
gemma4_e4b_all_legal_moves_v4,e4b,Gemma 4 E4B,16,0,0.864,0.05634598731994629
gemma4_e4b_all_legal_moves_v4,e4b,Gemma 4 E4B,16,0,0.8746666666666667,0.04701355993747711
gemma4_e4b_all_legal_moves_v4,e4b,Gemma 4 E4B,16,0,0.8853333333333333,0.04988185167312622
gemma4_e4b_all_legal_moves_v4,e4b,Gemma 4 E4B,16,0,0.896,0.04819559752941131
gemma4_e4b_all_legal_moves_v4,e4b,Gemma 4 E4B,16,0,0.9066666666666666,0.05944622755050659
gemma4_e4b_all_legal_moves_v4,e4b,Gemma 4 E4B,16,0,0.9173333333333333,0.07032041549682617
gemma4_e4b_all_legal_moves_v4,e4b,Gemma 4 E4B,16,0,0.928,0.058639705181121826
gemma4_e4b_all_legal_moves_v4,e4b,Gemma 4 E4B,16,0,0.9386666666666666,0.0651611030101776
gemma4_e4b_all_legal_moves_v4,e4b,Gemma 4 E4B,16,0,0.9493333333333334,0.05364786982536316
gemma4_e4b_all_legal_moves_v4,e4b,Gemma 4 E4B,16,0,0.96,0.04745764136314392
gemma4_e4b_all_legal_moves_v4,e4b,Gemma 4 E4B,16,0,0.9706666666666667,0.059880411624908446
gemma4_e4b_all_legal_moves_v4,e4b,Gemma 4 E4B,16,0,0.9813333333333333,0.05899668335914612
gemma4_e4b_all_legal_moves_v4,e4b,Gemma 4 E4B,16,0,0.992,0.06454523801803588
gemma4_e4b_all_legal_moves_v4,e4b,Gemma 4 E4B,16,0,1.0026666666666666,0.05925060510635376
gemma4_e4b_all_legal_moves_v4,e4b,Gemma 4 E4B,16,0,1.0133333333333334,0.040355628728866576
gemma4_e4b_all_legal_moves_v4,e4b,Gemma 4 E4B,16,0,1.024,0.04141832292079926
gemma4_e4b_all_legal_moves_v4,e4b,Gemma 4 E4B,16,0,1.0346666666666666,0.04338477253913879
gemma4_e4b_all_legal_moves_v4,e4b,Gemma 4 E4B,16,0,1.0453333333333332,0.058292579650878903
gemma4_e4b_all_legal_moves_v4,e4b,Gemma 4 E4B,16,0,1.056,0.0604803204536438
gemma4_e4b_all_legal_moves_v4,e4b,Gemma 4 E4B,16,0,1.0666666666666667,0.04103545844554901
gemma4_e4b_all_legal_moves_v4,e4b,Gemma 4 E4B,16,0,1.0773333333333333,0.04097563624382019
gemma4_e4b_all_legal_moves_v4,e4b,Gemma 4 E4B,16,0,1.088,0.03658214211463928
gemma4_e4b_all_legal_moves_v4,e4b,Gemma 4 E4B,16,0,1.0986666666666667,0.04012758433818817
gemma4_e4b_all_legal_moves_v4,e4b,Gemma 4 E4B,16,0,1.1093333333333333,0.040653499960899356
gemma4_e4b_all_legal_moves_v4,e4b,Gemma 4 E4B,16,0,1.12,0.04152186810970306
gemma4_e4b_all_legal_moves_v4,e4b,Gemma 4 E4B,16,0,1.1306666666666667,0.05106287002563477
gemma4_e4b_all_legal_moves_v4,e4b,Gemma 4 E4B,16,0,1.1413333333333333,0.05044055581092834
gemma4_e4b_all_legal_moves_v4,e4b,Gemma 4 E4B,16,0,1.152,0.047248470783233645
gemma4_e4b_all_legal_moves_v4,e4b,Gemma 4 E4B,16,0,1.1626666666666667,0.03928034901618958
gemma4_e4b_all_legal_moves_v4,e4b,Gemma 4 E4B,16,0,1.1733333333333333,0.037599167227745055
gemma4_e4b_all_legal_moves_v4,e4b,Gemma 4 E4B,16,0,1.184,0.036015847325325014
gemma4_e4b_all_legal_moves_v4,e4b,Gemma 4 E4B,16,0,1.1946666666666665,0.03629277050495148
gemma4_e4b_all_legal_moves_v4,e4b,Gemma 4 E4B,16,0,1.2053333333333334,0.03843305110931396
gemma4_e4b_all_legal_moves_v4,e4b,Gemma 4 E4B,16,0,1.216,0.035756242275238034
gemma4_e4b_all_legal_moves_v4,e4b,Gemma 4 E4B,16,0,1.2266666666666666,0.03827240467071533
gemma4_e4b_all_legal_moves_v4,e4b,Gemma 4 E4B,16,0,1.2373333333333334,0.04141977727413178
gemma4_e4b_all_legal_moves_v4,e4b,Gemma 4 E4B,16,0,1.248,0.048577404022216795
gemma4_e4b_all_legal_moves_v4,e4b,Gemma 4 E4B,16,0,1.2586666666666666,0.05190258026123047
gemma4_e4b_all_legal_moves_v4,e4b,Gemma 4 E4B,16,0,1.2693333333333334,0.04819480180740356
gemma4_e4b_all_legal_moves_v4,e4b,Gemma 4 E4B,16,0,1.28,0.041936957836151124
gemma4_e4b_all_legal_moves_v4,e4b,Gemma 4 E4B,16,0,1.2906666666666666,0.03682795763015747
gemma4_e4b_all_legal_moves_v4,e4b,Gemma 4 E4B,16,0,1.3013333333333335,0.0361331969499588
gemma4_e4b_all_legal_moves_v4,e4b,Gemma 4 E4B,16,0,1.312,0.03408395051956177
gemma4_e4b_all_legal_moves_v4,e4b,Gemma 4 E4B,16,0,1.3226666666666667,0.03524581789970398
gemma4_e4b_all_legal_moves_v4,e4b,Gemma 4 E4B,16,0,1.3333333333333333,0.03553427755832672
gemma4_e4b_all_legal_moves_v4,e4b,Gemma 4 E4B,16,0,1.3439999999999999,0.03600538671016693
gemma4_e4b_all_legal_moves_v4,e4b,Gemma 4 E4B,16,0,1.3546666666666667,0.03495307564735413
gemma4_e4b_all_legal_moves_v4,e4b,Gemma 4 E4B,16,0,1.3653333333333333,0.03484727144241333
gemma4_e4b_all_legal_moves_v4,e4b,Gemma 4 E4B,16,0,1.376,0.035003119707107545
gemma4_e4b_all_legal_moves_v4,e4b,Gemma 4 E4B,16,0,1.3866666666666667,0.03784667253494263
gemma4_e4b_all_legal_moves_v4,e4b,Gemma 4 E4B,16,0,1.3973333333333333,0.04751141667366028
gemma4_e4b_all_legal_moves_v4,e4b,Gemma 4 E4B,16,0,1.408,0.0488134890794754
gemma4_e4b_all_legal_moves_v4,e4b,Gemma 4 E4B,16,0,1.4186666666666667,0.04868086278438568
gemma4_e4b_all_legal_moves_v4,e4b,Gemma 4 E4B,16,0,1.4293333333333333,0.0434695154428482
gemma4_e4b_all_legal_moves_v4,e4b,Gemma 4 E4B,16,0,1.44,0.036545151472091676
gemma4_e4b_all_legal_moves_v4,e4b,Gemma 4 E4B,16,0,1.4506666666666668,0.03491784632205963
gemma4_e4b_all_legal_moves_v4,e4b,Gemma 4 E4B,16,0,1.4613333333333334,0.031160491704940795
gemma4_e4b_all_legal_moves_v4,e4b,Gemma 4 E4B,16,0,1.472,0.03143582046031952
gemma4_e4b_all_legal_moves_v4,e4b,Gemma 4 E4B,16,0,1.4826666666666668,0.03234945833683014
gemma4_e4b_all_legal_moves_v4,e4b,Gemma 4 E4B,16,0,1.4933333333333334,0.03373879492282868
gemma4_e4b_all_legal_moves_v4,e4b,Gemma 4 E4B,16,0,1.504,0.032510748505592345
gemma4_e4b_all_legal_moves_v4,e4b,Gemma 4 E4B,16,0,1.5146666666666668,0.034599709510803225
gemma4_e4b_all_legal_moves_v4,e4b,Gemma 4 E4B,16,0,1.5253333333333332,0.03250541388988495
gemma4_e4b_all_legal_moves_v4,e4b,Gemma 4 E4B,16,0,1.536,0.03170515894889832
gemma4_e4b_all_legal_moves_v4,e4b,Gemma 4 E4B,16,0,1.5466666666666666,0.04668255150318146
gemma4_e4b_all_legal_moves_v4,e4b,Gemma 4 E4B,16,0,1.5573333333333332,0.050432068109512326
gemma4_e4b_all_legal_moves_v4,e4b,Gemma 4 E4B,16,0,1.568,0.051924824714660645
gemma4_e4b_all_legal_moves_v4,e4b,Gemma 4 E4B,16,0,1.5786666666666667,0.05576450228691101
gemma4_e4b_all_legal_moves_v4,e4b,Gemma 4 E4B,16,0,1.5893333333333333,0.03636550307273865
gemma4_e4b_all_legal_moves_v4,e4b,Gemma 4 E4B,16,0,1.6,0.03546398878097534
gemma4_e4b_all_legal_moves_v4,e4b,Gemma 4 E4B,16,0,1.6106666666666667,0.032767435908317565
gemma4_e4b_all_legal_moves_v4,e4b,Gemma 4 E4B,16,0,1.6213333333333333,0.03318508863449097
gemma4_e4b_all_legal_moves_v4,e4b,Gemma 4 E4B,16,0,1.6320000000000001,0.03200790584087372
gemma4_e4b_all_legal_moves_v4,e4b,Gemma 4 E4B,16,0,1.6426666666666667,0.0338198184967041
gemma4_e4b_all_legal_moves_v4,e4b,Gemma 4 E4B,16,0,1.6533333333333333,0.033637067675590514
gemma4_e4b_all_legal_moves_v4,e4b,Gemma 4 E4B,16,0,1.6640000000000001,0.03136110305786133
gemma4_e4b_all_legal_moves_v4,e4b,Gemma 4 E4B,16,0,1.6746666666666665,0.030439698696136476
gemma4_e4b_all_legal_moves_v4,e4b,Gemma 4 E4B,16,0,1.6853333333333333,0.031390872597694394
gemma4_e4b_all_legal_moves_v4,e4b,Gemma 4 E4B,16,0,1.696,0.04144010543823242
gemma4_e4b_all_legal_moves_v4,e4b,Gemma 4 E4B,16,0,1.7066666666666666,0.04855684638023376
gemma4_e4b_all_legal_moves_v4,e4b,Gemma 4 E4B,16,0,1.7173333333333334,0.04549706876277924
gemma4_e4b_all_legal_moves_v4,e4b,Gemma 4 E4B,16,0,1.728,0.04552716910839081
gemma4_e4b_all_legal_moves_v4,e4b,Gemma 4 E4B,16,0,1.7386666666666666,0.0324755996465683
gemma4_e4b_all_legal_moves_v4,e4b,Gemma 4 E4B,16,0,1.7493333333333334,0.03190785944461823
gemma4_e4b_all_legal_moves_v4,e4b,Gemma 4 E4B,16,0,1.76,0.03074523210525513
gemma4_e4b_all_legal_moves_v4,e4b,Gemma 4 E4B,16,0,1.7706666666666666,0.03036741614341736
gemma4_e4b_all_legal_moves_v4,e4b,Gemma 4 E4B,16,0,1.7813333333333334,0.02894163429737091
gemma4_e4b_all_legal_moves_v4,e4b,Gemma 4 E4B,16,0,1.792,0.028970149159431458
gemma4_e4b_all_legal_moves_v4,e4b,Gemma 4 E4B,16,0,1.8026666666666666,0.029891803860664368
gemma4_e4b_all_legal_moves_v4,e4b,Gemma 4 E4B,16,0,1.8133333333333335,0.0405232846736908
gemma4_e4b_all_legal_moves_v4,e4b,Gemma 4 E4B,16,0,1.8239999999999998,0.05170910954475403
gemma4_e4b_all_legal_moves_v4,e4b,Gemma 4 E4B,16,0,1.8346666666666667,0.04960110783576965
gemma4_e4b_all_legal_moves_v4,e4b,Gemma 4 E4B,16,0,1.8453333333333335,0.03602212965488434
gemma4_e4b_all_legal_moves_v4,e4b,Gemma 4 E4B,16,0,1.8559999999999999,0.03455839455127716
gemma4_e4b_all_legal_moves_v4,e4b,Gemma 4 E4B,16,0,1.8666666666666667,0.036145901679992674
gemma4_e4b_all_legal_moves_v4,e4b,Gemma 4 E4B,16,0,1.8773333333333333,0.030420270562171937
gemma4_e4b_all_legal_moves_v4,e4b,Gemma 4 E4B,16,0,1.888,0.03159607648849487
gemma4_e4b_all_legal_moves_v4,e4b,Gemma 4 E4B,16,0,1.8986666666666667,0.029159128665924072
gemma4_e4b_all_legal_moves_v4,e4b,Gemma 4 E4B,16,0,1.9093333333333333,0.042527562379837035
gemma4_e4b_all_legal_moves_v4,e4b,Gemma 4 E4B,16,0,1.92,0.05000605583190918
gemma4_e4b_all_legal_moves_v4,e4b,Gemma 4 E4B,16,0,1.9306666666666668,0.03377959132194519
gemma4_e4b_all_legal_moves_v4,e4b,Gemma 4 E4B,16,0,1.9413333333333334,0.04357103705406189
gemma4_e4b_all_legal_moves_v4,e4b,Gemma 4 E4B,16,0,1.952,0.029486480355262756
gemma4_e4b_all_legal_moves_v4,e4b,Gemma 4 E4B,16,0,1.9626666666666668,0.030436712503433227
gemma4_e4b_all_legal_moves_v4,e4b,Gemma 4 E4B,16,0,1.9733333333333334,0.046796828508377075
gemma4_e4b_all_legal_moves_v4,e4b,Gemma 4 E4B,16,0,1.984,0.03931272923946381
gemma4_e4b_all_legal_moves_v4,e4b,Gemma 4 E4B,16,0,1.9946666666666668,0.04328051805496216
gemma4_e4b_all_legal_moves_v4,e4b,Gemma 4 E4B,16,0,2.005333333333333,0.03754474818706512
gemma4_e4b_all_legal_moves_v4,e4b,Gemma 4 E4B,16,0,2.016,0.02542368173599243
gemma4_e4b_all_legal_moves_v4,e4b,Gemma 4 E4B,16,0,2.026666666666667,0.025270283222198486
gemma4_e4b_all_legal_moves_v4,e4b,Gemma 4 E4B,16,0,2.037333333333333,0.03060883581638336
gemma4_e4b_all_legal_moves_v4,e4b,Gemma 4 E4B,16,0,2.048,0.041450506448745726
gemma4_e4b_all_legal_moves_v4,e4b,Gemma 4 E4B,16,0,2.058666666666667,0.03419948518276215
gemma4_e4b_all_legal_moves_v4,e4b,Gemma 4 E4B,16,0,2.0693333333333332,0.0253846675157547
gemma4_e4b_all_legal_moves_v4,e4b,Gemma 4 E4B,16,0,2.08,0.024834536015987396
gemma4_e4b_all_legal_moves_v4,e4b,Gemma 4 E4B,16,0,2.0906666666666665,0.02260732352733612
gemma4_e4b_all_legal_moves_v4,e4b,Gemma 4 E4B,16,0,2.1013333333333333,0.02466651499271393
gemma4_e4b_all_legal_moves_v4,e4b,Gemma 4 E4B,16,0,2.112,0.025758782029151918
gemma4_e4b_all_legal_moves_v4,e4b,Gemma 4 E4B,16,0,2.1226666666666665,0.031907984614372255
gemma4_e4b_all_legal_moves_v4,e4b,Gemma 4 E4B,16,0,2.1333333333333333,0.035417774319648744
gemma4_e4b_all_legal_moves_v4,e4b,Gemma 4 E4B,16,0,2.144,0.033787000179290774
gemma4_e4b_all_legal_moves_v4,e4b,Gemma 4 E4B,16,0,2.1546666666666665,0.028926315903663635
gemma4_e4b_all_legal_moves_v4,e4b,Gemma 4 E4B,16,0,2.1653333333333333,0.02404974102973938
gemma4_e4b_all_legal_moves_v4,e4b,Gemma 4 E4B,16,0,2.176,0.02401091903448105
gemma4_e4b_all_legal_moves_v4,e4b,Gemma 4 E4B,16,0,2.1866666666666665,0.02134857475757599
gemma4_e4b_all_legal_moves_v4,e4b,Gemma 4 E4B,16,0,2.1973333333333334,0.02277139574289322
gemma4_e4b_all_legal_moves_v4,e4b,Gemma 4 E4B,16,0,2.208,0.02347487360239029
gemma4_e4b_all_legal_moves_v4,e4b,Gemma 4 E4B,16,0,2.2186666666666666,0.022446143627166747
gemma4_e4b_all_legal_moves_v4,e4b,Gemma 4 E4B,16,0,2.2293333333333334,0.022173756361007692
gemma4_e4b_all_legal_moves_v4,e4b,Gemma 4 E4B,16,0,2.24,0.02804243266582489
gemma4_e4b_all_legal_moves_v4,e4b,Gemma 4 E4B,16,0,2.2506666666666666,0.03536843955516815
gemma4_e4b_all_legal_moves_v4,e4b,Gemma 4 E4B,16,0,2.2613333333333334,0.034760603308677675
gemma4_e4b_all_legal_moves_v4,e4b,Gemma 4 E4B,16,0,2.2720000000000002,0.031482988595962526
gemma4_e4b_all_legal_moves_v4,e4b,Gemma 4 E4B,16,0,2.2826666666666666,0.02474452704191208
gemma4_e4b_all_legal_moves_v4,e4b,Gemma 4 E4B,16,0,2.2933333333333334,0.02640167772769928
gemma4_e4b_all_legal_moves_v4,e4b,Gemma 4 E4B,16,0,2.304,0.023125451803207398
gemma4_e4b_all_legal_moves_v4,e4b,Gemma 4 E4B,16,0,2.3146666666666667,0.022623291611671446
gemma4_e4b_all_legal_moves_v4,e4b,Gemma 4 E4B,16,0,2.3253333333333335,0.0235538050532341
gemma4_e4b_all_legal_moves_v4,e4b,Gemma 4 E4B,16,0,2.336,0.022151975333690642
gemma4_e4b_all_legal_moves_v4,e4b,Gemma 4 E4B,16,0,2.3466666666666667,0.023170454800128935
gemma4_e4b_all_legal_moves_v4,e4b,Gemma 4 E4B,16,0,2.3573333333333335,0.020602335035800935
gemma4_e4b_all_legal_moves_v4,e4b,Gemma 4 E4B,16,0,2.368,0.02247190773487091
gemma4_e4b_all_legal_moves_v4,e4b,Gemma 4 E4B,16,0,2.3786666666666667,0.021414178609848022
gemma4_e4b_all_legal_moves_v4,e4b,Gemma 4 E4B,16,0,2.389333333333333,0.027244409918785094
gemma4_e4b_all_legal_moves_v4,e4b,Gemma 4 E4B,16,0,2.4,0.0326780766248703
gemma4_e4b_all_legal_moves_v4,e4b,Gemma 4 E4B,16,0,2.4106666666666667,0.034918326139450076
gemma4_e4b_all_legal_moves_v4,e4b,Gemma 4 E4B,16,0,2.421333333333333,0.032990971207618715
gemma4_e4b_all_legal_moves_v4,e4b,Gemma 4 E4B,16,0,2.432,0.026424017548561097
gemma4_e4b_all_legal_moves_v4,e4b,Gemma 4 E4B,16,0,2.4426666666666668,0.025506633520126342
gemma4_e4b_all_legal_moves_v4,e4b,Gemma 4 E4B,16,0,2.453333333333333,0.022744381427764894
gemma4_e4b_all_legal_moves_v4,e4b,Gemma 4 E4B,16,0,2.464,0.02143876701593399
gemma4_e4b_all_legal_moves_v4,e4b,Gemma 4 E4B,16,0,2.474666666666667,0.02385737597942352
gemma4_e4b_all_legal_moves_v4,e4b,Gemma 4 E4B,16,0,2.485333333333333,0.020797768235206605
gemma4_e4b_all_legal_moves_v4,e4b,Gemma 4 E4B,16,0,2.496,0.021256190538406373
gemma4_e4b_all_legal_moves_v4,e4b,Gemma 4 E4B,16,0,2.506666666666667,0.020544746518135072
gemma4_e4b_all_legal_moves_v4,e4b,Gemma 4 E4B,16,0,2.517333333333333,0.021813002228736878
gemma4_e4b_all_legal_moves_v4,e4b,Gemma 4 E4B,16,0,2.528,0.018796788156032564
gemma4_e4b_all_legal_moves_v4,e4b,Gemma 4 E4B,16,0,2.538666666666667,0.020672035217285157
gemma4_e4b_all_legal_moves_v4,e4b,Gemma 4 E4B,16,0,2.5493333333333332,0.03208686113357544
gemma4_e4b_all_legal_moves_v4,e4b,Gemma 4 E4B,16,0,2.56,0.04149805307388306
gemma4_e4b_all_legal_moves_v4,e4b,Gemma 4 E4B,16,0,2.570666666666667,0.036364573240280154
gemma4_e4b_all_legal_moves_v4,e4b,Gemma 4 E4B,16,0,2.5813333333333333,0.03228171169757843
gemma4_e4b_all_legal_moves_v4,e4b,Gemma 4 E4B,16,0,2.592,0.022008992731571198
gemma4_e4b_all_legal_moves_v4,e4b,Gemma 4 E4B,16,0,2.602666666666667,0.023295000195503235
gemma4_e4b_all_legal_moves_v4,e4b,Gemma 4 E4B,16,0,2.6133333333333333,0.021428418159484864
gemma4_e4b_all_legal_moves_v4,e4b,Gemma 4 E4B,16,0,2.624,0.02115931659936905
gemma4_e4b_all_legal_moves_v4,e4b,Gemma 4 E4B,16,0,2.634666666666667,0.02031577378511429
gemma4_e4b_all_legal_moves_v4,e4b,Gemma 4 E4B,16,0,2.6453333333333333,0.021051649749279023
gemma4_e4b_all_legal_moves_v4,e4b,Gemma 4 E4B,16,0,2.656,0.021035605669021608
gemma4_e4b_all_legal_moves_v4,e4b,Gemma 4 E4B,16,0,2.6666666666666665,0.02061113566160202
gemma4_e4b_all_legal_moves_v4,e4b,Gemma 4 E4B,16,0,2.6773333333333333,0.018621799349784852
gemma4_e4b_all_legal_moves_v4,e4b,Gemma 4 E4B,16,0,2.6879999999999997,0.0201059952378273
gemma4_e4b_all_legal_moves_v4,e4b,Gemma 4 E4B,16,0,2.6986666666666665,0.032787615060806276
gemma4_e4b_all_legal_moves_v4,e4b,Gemma 4 E4B,16,0,2.7093333333333334,0.032696887850761414
gemma4_e4b_all_legal_moves_v4,e4b,Gemma 4 E4B,16,0,2.7199999999999998,0.03606605231761932
gemma4_e4b_all_legal_moves_v4,e4b,Gemma 4 E4B,16,0,2.7306666666666666,0.029098266363143922
gemma4_e4b_all_legal_moves_v4,e4b,Gemma 4 E4B,16,0,2.7413333333333334,0.021549487113952638
gemma4_e4b_all_legal_moves_v4,e4b,Gemma 4 E4B,16,0,2.752,0.021910688281059264
gemma4_e4b_all_legal_moves_v4,e4b,Gemma 4 E4B,16,0,2.7626666666666666,0.021067041158676147
gemma4_e4b_all_legal_moves_v4,e4b,Gemma 4 E4B,16,0,2.7733333333333334,0.020256341993808748
gemma4_e4b_all_legal_moves_v4,e4b,Gemma 4 E4B,16,0,2.784,0.01925385445356369
gemma4_e4b_all_legal_moves_v4,e4b,Gemma 4 E4B,16,0,2.7946666666666666,0.01977183073759079
gemma4_e4b_all_legal_moves_v4,e4b,Gemma 4 E4B,16,0,2.8053333333333335,0.01981275826692581
gemma4_e4b_all_legal_moves_v4,e4b,Gemma 4 E4B,16,0,2.816,0.03131691813468933
gemma4_e4b_all_legal_moves_v4,e4b,Gemma 4 E4B,16,0,2.8266666666666667,0.036172890663146974
gemma4_e4b_all_legal_moves_v4,e4b,Gemma 4 E4B,16,0,2.8373333333333335,0.034368577599525454
gemma4_e4b_all_legal_moves_v4,e4b,Gemma 4 E4B,16,0,2.848,0.02092413604259491
gemma4_e4b_all_legal_moves_v4,e4b,Gemma 4 E4B,16,0,2.8586666666666667,0.026749035716056822
gemma4_e4b_all_legal_moves_v4,e4b,Gemma 4 E4B,16,0,2.8693333333333335,0.02153361439704895
gemma4_e4b_all_legal_moves_v4,e4b,Gemma 4 E4B,16,0,2.88,0.021242932975292207
gemma4_e4b_all_legal_moves_v4,e4b,Gemma 4 E4B,16,0,2.8906666666666667,0.019607365131378174
gemma4_e4b_all_legal_moves_v4,e4b,Gemma 4 E4B,16,0,2.9013333333333335,0.02012789696455002
gemma4_e4b_all_legal_moves_v4,e4b,Gemma 4 E4B,16,0,2.912,0.03094456493854523
gemma4_e4b_all_legal_moves_v4,e4b,Gemma 4 E4B,16,0,2.9226666666666667,0.03363839983940124
gemma4_e4b_all_legal_moves_v4,e4b,Gemma 4 E4B,16,0,2.9333333333333336,0.0261104553937912
gemma4_e4b_all_legal_moves_v4,e4b,Gemma 4 E4B,16,0,2.944,0.028009361028671263
gemma4_e4b_all_legal_moves_v4,e4b,Gemma 4 E4B,16,0,2.9546666666666668,0.020520414412021636
gemma4_e4b_all_legal_moves_v4,e4b,Gemma 4 E4B,16,0,2.9653333333333336,0.024897702038288116
gemma4_e4b_all_legal_moves_v4,e4b,Gemma 4 E4B,16,0,2.976,0.030434924364089965
gemma4_e4b_all_legal_moves_v4,e4b,Gemma 4 E4B,16,0,2.986666666666667,0.02917432188987732
gemma4_e4b_all_legal_moves_v4,e4b,Gemma 4 E4B,16,0,2.997333333333333,0.029055678844451906
gemma4_e4b_all_legal_moves_v4,e4b,Gemma 4 E4B,16,0,3.008,0.02093881219625473
gemma4_e4b_all_legal_moves_v4,e4b,Gemma 4 E4B,16,0,3.018666666666667,0.01706124544143677
gemma4_e4b_all_legal_moves_v4,e4b,Gemma 4 E4B,16,0,3.029333333333333,0.015232095122337341
gemma4_e4b_all_legal_moves_v4,e4b,Gemma 4 E4B,16,0,3.04,0.023656748235225677
gemma4_e4b_all_legal_moves_v4,e4b,Gemma 4 E4B,16,0,3.050666666666667,0.02920602262020111
gemma4_e4b_all_legal_moves_v4,e4b,Gemma 4 E4B,16,0,3.0613333333333332,0.021942166984081267
gemma4_e4b_all_legal_moves_v4,e4b,Gemma 4 E4B,16,0,3.072,0.017024129629135132
gemma4_e4b_all_legal_moves_v4,e4b,Gemma 4 E4B,16,0,3.0826666666666664,0.017415624856948853
gemma4_e4b_all_legal_moves_v4,e4b,Gemma 4 E4B,16,0,3.0933333333333333,0.014707286655902863
gemma4_e4b_all_legal_moves_v4,e4b,Gemma 4 E4B,16,0,3.104,0.0153879314661026
gemma4_e4b_all_legal_moves_v4,e4b,Gemma 4 E4B,16,0,3.1146666666666665,0.01652274876832962
gemma4_e4b_all_legal_moves_v4,e4b,Gemma 4 E4B,16,0,3.1253333333333333,0.022430984675884245
gemma4_e4b_all_legal_moves_v4,e4b,Gemma 4 E4B,16,0,3.136,0.02434920221567154
gemma4_e4b_all_legal_moves_v4,e4b,Gemma 4 E4B,16,0,3.1466666666666665,0.021475301682949068
gemma4_e4b_all_legal_moves_v4,e4b,Gemma 4 E4B,16,0,3.1573333333333333,0.01903369426727295
gemma4_e4b_all_legal_moves_v4,e4b,Gemma 4 E4B,16,0,3.168,0.01697086840867996
gemma4_e4b_all_legal_moves_v4,e4b,Gemma 4 E4B,16,0,3.1786666666666665,0.01651989370584488
gemma4_e4b_all_legal_moves_v4,e4b,Gemma 4 E4B,16,0,3.1893333333333334,0.01531623899936676
gemma4_e4b_all_legal_moves_v4,e4b,Gemma 4 E4B,16,0,3.2,0.014830248057842254
gemma4_e4b_all_legal_moves_v4,e4b,Gemma 4 E4B,16,0,3.2106666666666666,0.014761537313461304
gemma4_e4b_all_legal_moves_v4,e4b,Gemma 4 E4B,16,0,3.2213333333333334,0.015214510262012482
gemma4_e4b_all_legal_moves_v4,e4b,Gemma 4 E4B,16,0,3.232,0.014386120438575744
gemma4_e4b_all_legal_moves_v4,e4b,Gemma 4 E4B,16,0,3.2426666666666666,0.02090703696012497
gemma4_e4b_all_legal_moves_v4,e4b,Gemma 4 E4B,16,0,3.2533333333333334,0.025255244970321656
gemma4_e4b_all_legal_moves_v4,e4b,Gemma 4 E4B,16,0,3.2640000000000002,0.025022277235984804
gemma4_e4b_all_legal_moves_v4,e4b,Gemma 4 E4B,16,0,3.2746666666666666,0.01902821660041809
gemma4_e4b_all_legal_moves_v4,e4b,Gemma 4 E4B,16,0,3.2853333333333334,0.01622345745563507
gemma4_e4b_all_legal_moves_v4,e4b,Gemma 4 E4B,16,0,3.296,0.01689671277999878
gemma4_e4b_all_legal_moves_v4,e4b,Gemma 4 E4B,16,0,3.3066666666666666,0.016402356326580048
gemma4_e4b_all_legal_moves_v4,e4b,Gemma 4 E4B,16,0,3.3173333333333335,0.016860607266426086
gemma4_e4b_all_legal_moves_v4,e4b,Gemma 4 E4B,16,0,3.328,0.015503408014774322
gemma4_e4b_all_legal_moves_v4,e4b,Gemma 4 E4B,16,0,3.3386666666666667,0.015607312321662903
gemma4_e4b_all_legal_moves_v4,e4b,Gemma 4 E4B,16,0,3.3493333333333335,0.015077033638954162
gemma4_e4b_all_legal_moves_v4,e4b,Gemma 4 E4B,16,0,3.36,0.013095822930336
gemma4_e4b_all_legal_moves_v4,e4b,Gemma 4 E4B,16,0,3.3706666666666667,0.015020589530467986
gemma4_e4b_all_legal_moves_v4,e4b,Gemma 4 E4B,16,0,3.3813333333333335,0.01488800197839737
gemma4_e4b_all_legal_moves_v4,e4b,Gemma 4 E4B,16,0,3.392,0.020087438821792602
gemma4_e4b_all_legal_moves_v4,e4b,Gemma 4 E4B,16,0,3.4026666666666667,0.02277294546365738
gemma4_e4b_all_legal_moves_v4,e4b,Gemma 4 E4B,16,0,3.413333333333333,0.023636718094348908
gemma4_e4b_all_legal_moves_v4,e4b,Gemma 4 E4B,16,0,3.424,0.022083239257335664
gemma4_e4b_all_legal_moves_v4,e4b,Gemma 4 E4B,16,0,3.4346666666666668,0.014584825932979583
gemma4_e4b_all_legal_moves_v4,e4b,Gemma 4 E4B,16,0,3.445333333333333,0.014989200234413146
gemma4_e4b_all_legal_moves_v4,e4b,Gemma 4 E4B,16,0,3.456,0.014821045100688934
gemma4_e4b_all_legal_moves_v4,e4b,Gemma 4 E4B,16,0,3.466666666666667,0.014944162964820863
gemma4_e4b_all_legal_moves_v4,e4b,Gemma 4 E4B,16,0,3.477333333333333,0.014400668442249298
gemma4_e4b_all_legal_moves_v4,e4b,Gemma 4 E4B,16,0,3.488,0.013805165886878967
gemma4_e4b_all_legal_moves_v4,e4b,Gemma 4 E4B,16,0,3.498666666666667,0.013558243215084077
gemma4_e4b_all_legal_moves_v4,e4b,Gemma 4 E4B,16,0,3.509333333333333,0.01490432620048523
gemma4_e4b_all_legal_moves_v4,e4b,Gemma 4 E4B,16,0,3.52,0.014293308556079864
gemma4_e4b_all_legal_moves_v4,e4b,Gemma 4 E4B,16,0,3.530666666666667,0.012794682383537292
gemma4_e4b_all_legal_moves_v4,e4b,Gemma 4 E4B,16,0,3.541333333333333,0.015642911195755005
gemma4_e4b_all_legal_moves_v4,e4b,Gemma 4 E4B,16,0,3.552,0.024129395186901093
gemma4_e4b_all_legal_moves_v4,e4b,Gemma 4 E4B,16,0,3.562666666666667,0.021776309609413146
gemma4_e4b_all_legal_moves_v4,e4b,Gemma 4 E4B,16,0,3.5733333333333333,0.02672533690929413
gemma4_e4b_all_legal_moves_v4,e4b,Gemma 4 E4B,16,0,3.584,0.017025913298130035
gemma4_e4b_all_legal_moves_v4,e4b,Gemma 4 E4B,16,0,3.594666666666667,0.015007498860359191
gemma4_e4b_all_legal_moves_v4,e4b,Gemma 4 E4B,16,0,3.6053333333333333,0.01577935516834259
gemma4_e4b_all_legal_moves_v4,e4b,Gemma 4 E4B,16,0,3.616,0.01489989459514618
gemma4_e4b_all_legal_moves_v4,e4b,Gemma 4 E4B,16,0,3.626666666666667,0.014267842471599578
gemma4_e4b_all_legal_moves_v4,e4b,Gemma 4 E4B,16,0,3.6373333333333333,0.013526272773742676
gemma4_e4b_all_legal_moves_v4,e4b,Gemma 4 E4B,16,0,3.648,0.015336076915264129
gemma4_e4b_all_legal_moves_v4,e4b,Gemma 4 E4B,16,0,3.6586666666666665,0.013897709548473358
gemma4_e4b_all_legal_moves_v4,e4b,Gemma 4 E4B,16,0,3.6693333333333333,0.012313435971736907
gemma4_e4b_all_legal_moves_v4,e4b,Gemma 4 E4B,16,0,3.68,0.013229253888130187
gemma4_e4b_all_legal_moves_v4,e4b,Gemma 4 E4B,16,0,3.6906666666666665,0.015639109909534453
gemma4_e4b_all_legal_moves_v4,e4b,Gemma 4 E4B,16,0,3.7013333333333334,0.021506845951080322
gemma4_e4b_all_legal_moves_v4,e4b,Gemma 4 E4B,16,0,3.7119999999999997,0.02035389393568039
gemma4_e4b_all_legal_moves_v4,e4b,Gemma 4 E4B,16,0,3.7226666666666666,0.022836858034133913
gemma4_e4b_all_legal_moves_v4,e4b,Gemma 4 E4B,16,0,3.7333333333333334,0.01745123863220215
gemma4_e4b_all_legal_moves_v4,e4b,Gemma 4 E4B,16,0,3.7439999999999998,0.014269119501113892
gemma4_e4b_all_legal_moves_v4,e4b,Gemma 4 E4B,16,0,3.7546666666666666,0.01421576291322708
gemma4_e4b_all_legal_moves_v4,e4b,Gemma 4 E4B,16,0,3.7653333333333334,0.013776740431785584
gemma4_e4b_all_legal_moves_v4,e4b,Gemma 4 E4B,16,0,3.776,0.01475050300359726
gemma4_e4b_all_legal_moves_v4,e4b,Gemma 4 E4B,16,0,3.7866666666666666,0.01223651021718979
gemma4_e4b_all_legal_moves_v4,e4b,Gemma 4 E4B,16,0,3.7973333333333334,0.014242821931838989
gemma4_e4b_all_legal_moves_v4,e4b,Gemma 4 E4B,16,0,3.808,0.01384429782629013
gemma4_e4b_all_legal_moves_v4,e4b,Gemma 4 E4B,16,0,3.8186666666666667,0.02252088487148285
gemma4_e4b_all_legal_moves_v4,e4b,Gemma 4 E4B,16,0,3.8293333333333335,0.02353743016719818
gemma4_e4b_all_legal_moves_v4,e4b,Gemma 4 E4B,16,0,3.84,0.021839873492717744
gemma4_e4b_all_legal_moves_v4,e4b,Gemma 4 E4B,16,0,3.8506666666666667,0.013479681313037872
gemma4_e4b_all_legal_moves_v4,e4b,Gemma 4 E4B,16,0,3.8613333333333335,0.0186956524848938
gemma4_e4b_all_legal_moves_v4,e4b,Gemma 4 E4B,16,0,3.872,0.014212141931056976
gemma4_e4b_all_legal_moves_v4,e4b,Gemma 4 E4B,16,0,3.8826666666666667,0.014890731871128082
gemma4_e4b_all_legal_moves_v4,e4b,Gemma 4 E4B,16,0,3.8933333333333335,0.012700921297073365
gemma4_e4b_all_legal_moves_v4,e4b,Gemma 4 E4B,16,0,3.904,0.016002827882766725
gemma4_e4b_all_legal_moves_v4,e4b,Gemma 4 E4B,16,0,3.9146666666666667,0.020098675787448884
gemma4_e4b_all_legal_moves_v4,e4b,Gemma 4 E4B,16,0,3.9253333333333336,0.01870606988668442
gemma4_e4b_all_legal_moves_v4,e4b,Gemma 4 E4B,16,0,3.936,0.019556835293769836
gemma4_e4b_all_legal_moves_v4,e4b,Gemma 4 E4B,16,0,3.9466666666666668,0.01591963917016983
gemma4_e4b_all_legal_moves_v4,e4b,Gemma 4 E4B,16,0,3.9573333333333336,0.012978698313236236
gemma4_e4b_all_legal_moves_v4,e4b,Gemma 4 E4B,16,0,3.968,0.019106343388557434
gemma4_e4b_all_legal_moves_v4,e4b,Gemma 4 E4B,16,0,3.978666666666667,0.017094388604164124
gemma4_e4b_all_legal_moves_v4,e4b,Gemma 4 E4B,16,0,3.989333333333333,0.02151598930358887
gemma4_e4b_all_legal_moves_v4,e4b,Gemma 4 E4B,16,0,4.0,0.019334596395492554
gemma4_e4b_all_legal_moves_v4,e4b,Gemma 4 E4B,16,0,4.010666666666666,0.011437691003084182
gemma4_e4b_all_legal_moves_v4,e4b,Gemma 4 E4B,16,0,4.021333333333334,0.011355605721473695
gemma4_e4b_all_legal_moves_v4,e4b,Gemma 4 E4B,16,0,4.032,0.010502609610557555
gemma4_e4b_all_legal_moves_v4,e4b,Gemma 4 E4B,16,0,4.042666666666666,0.018055346608161927
gemma4_e4b_all_legal_moves_v4,e4b,Gemma 4 E4B,16,0,4.053333333333334,0.019284972548484804
gemma4_e4b_all_legal_moves_v4,e4b,Gemma 4 E4B,16,0,4.064,0.013102969527244568
gemma4_e4b_all_legal_moves_v4,e4b,Gemma 4 E4B,16,0,4.074666666666666,0.012403566390275955
gemma4_e4b_all_legal_moves_v4,e4b,Gemma 4 E4B,16,0,4.085333333333334,0.011519861966371536
gemma4_e4b_all_legal_moves_v4,e4b,Gemma 4 E4B,16,0,4.096,0.009960787743330002
gemma4_e4b_all_legal_moves_v4,e4b,Gemma 4 E4B,16,0,4.1066666666666665,0.010735287517309188
gemma4_e4b_all_legal_moves_v4,e4b,Gemma 4 E4B,16,0,4.117333333333334,0.010339682549238205
gemma4_e4b_all_legal_moves_v4,e4b,Gemma 4 E4B,16,0,4.128,0.0160478875041008
gemma4_e4b_all_legal_moves_v4,e4b,Gemma 4 E4B,16,0,4.1386666666666665,0.016364209353923798
gemma4_e4b_all_legal_moves_v4,e4b,Gemma 4 E4B,16,0,4.149333333333334,0.013994528353214264
gemma4_e4b_all_legal_moves_v4,e4b,Gemma 4 E4B,16,0,4.16,0.012475299090147019
gemma4_e4b_all_legal_moves_v4,e4b,Gemma 4 E4B,16,0,4.1706666666666665,0.012812964618206024
gemma4_e4b_all_legal_moves_v4,e4b,Gemma 4 E4B,16,0,4.181333333333333,0.010585437715053558
gemma4_e4b_all_legal_moves_v4,e4b,Gemma 4 E4B,16,0,4.192,0.009983538836240768
gemma4_e4b_all_legal_moves_v4,e4b,Gemma 4 E4B,16,0,4.2026666666666666,0.010828661173582077
gemma4_e4b_all_legal_moves_v4,e4b,Gemma 4 E4B,16,0,4.213333333333333,0.00902116447687149
gemma4_e4b_all_legal_moves_v4,e4b,Gemma 4 E4B,16,0,4.224,0.010700251907110214
gemma4_e4b_all_legal_moves_v4,e4b,Gemma 4 E4B,16,0,4.234666666666667,0.00941210389137268
gemma4_e4b_all_legal_moves_v4,e4b,Gemma 4 E4B,16,0,4.245333333333333,0.016128289699554443
gemma4_e4b_all_legal_moves_v4,e4b,Gemma 4 E4B,16,0,4.256,0.016199709475040437
gemma4_e4b_all_legal_moves_v4,e4b,Gemma 4 E4B,16,0,4.266666666666667,0.016124969720840453
gemma4_e4b_all_legal_moves_v4,e4b,Gemma 4 E4B,16,0,4.277333333333333,0.010859478265047073
gemma4_e4b_all_legal_moves_v4,e4b,Gemma 4 E4B,16,0,4.288,0.011102535575628281
gemma4_e4b_all_legal_moves_v4,e4b,Gemma 4 E4B,16,0,4.298666666666667,0.012030330300331116
gemma4_e4b_all_legal_moves_v4,e4b,Gemma 4 E4B,16,0,4.309333333333333,0.010827258229255676
gemma4_e4b_all_legal_moves_v4,e4b,Gemma 4 E4B,16,0,4.32,0.010582805424928666
gemma4_e4b_all_legal_moves_v4,e4b,Gemma 4 E4B,16,0,4.330666666666667,0.010078845173120498
gemma4_e4b_all_legal_moves_v4,e4b,Gemma 4 E4B,16,0,4.341333333333333,0.009985736012458802
gemma4_e4b_all_legal_moves_v4,e4b,Gemma 4 E4B,16,0,4.352,0.009682682156562806
gemma4_e4b_all_legal_moves_v4,e4b,Gemma 4 E4B,16,0,4.362666666666667,0.00860501304268837
gemma4_e4b_all_legal_moves_v4,e4b,Gemma 4 E4B,16,0,4.373333333333333,0.010037339478731155
gemma4_e4b_all_legal_moves_v4,e4b,Gemma 4 E4B,16,0,4.384,0.010631657391786575
gemma4_e4b_all_legal_moves_v4,e4b,Gemma 4 E4B,16,0,4.394666666666667,0.014306142926216125
gemma4_e4b_all_legal_moves_v4,e4b,Gemma 4 E4B,16,0,4.405333333333333,0.014276376366615296
gemma4_e4b_all_legal_moves_v4,e4b,Gemma 4 E4B,16,0,4.416,0.014755722880363465
gemma4_e4b_all_legal_moves_v4,e4b,Gemma 4 E4B,16,0,4.426666666666667,0.012723854184150696
gemma4_e4b_all_legal_moves_v4,e4b,Gemma 4 E4B,16,0,4.437333333333333,0.009544385969638825
gemma4_e4b_all_legal_moves_v4,e4b,Gemma 4 E4B,16,0,4.448,0.01050185114145279
gemma4_e4b_all_legal_moves_v4,e4b,Gemma 4 E4B,16,0,4.458666666666667,0.00991910696029663
gemma4_e4b_all_legal_moves_v4,e4b,Gemma 4 E4B,16,0,4.469333333333333,0.009768787771463394
gemma4_e4b_all_legal_moves_v4,e4b,Gemma 4 E4B,16,0,4.48,0.009473397582769393
gemma4_e4b_all_legal_moves_v4,e4b,Gemma 4 E4B,16,0,4.490666666666667,0.00952104926109314
gemma4_e4b_all_legal_moves_v4,e4b,Gemma 4 E4B,16,0,4.501333333333333,0.008801980316638947
gemma4_e4b_all_legal_moves_v4,e4b,Gemma 4 E4B,16,0,4.5120000000000005,0.009549938887357712
gemma4_e4b_all_legal_moves_v4,e4b,Gemma 4 E4B,16,0,4.522666666666667,0.008990677446126938
gemma4_e4b_all_legal_moves_v4,e4b,Gemma 4 E4B,16,0,4.533333333333333,0.008144905418157577
gemma4_e4b_all_legal_moves_v4,e4b,Gemma 4 E4B,16,0,4.5440000000000005,0.01247304528951645
gemma4_e4b_all_legal_moves_v4,e4b,Gemma 4 E4B,16,0,4.554666666666667,0.014459474384784699
gemma4_e4b_all_legal_moves_v4,e4b,Gemma 4 E4B,16,0,4.565333333333333,0.013636822998523711
gemma4_e4b_all_legal_moves_v4,e4b,Gemma 4 E4B,16,0,4.576,0.01633748710155487
gemma4_e4b_all_legal_moves_v4,e4b,Gemma 4 E4B,16,0,4.586666666666667,0.009005855768918991
gemma4_e4b_all_legal_moves_v4,e4b,Gemma 4 E4B,16,0,4.597333333333333,0.010044731944799424
gemma4_e4b_all_legal_moves_v4,e4b,Gemma 4 E4B,16,0,4.608,0.010459520667791367
gemma4_e4b_all_legal_moves_v4,e4b,Gemma 4 E4B,16,0,4.618666666666667,0.009099622815847397
gemma4_e4b_all_legal_moves_v4,e4b,Gemma 4 E4B,16,0,4.629333333333333,0.008865876495838166
gemma4_e4b_all_legal_moves_v4,e4b,Gemma 4 E4B,16,0,4.64,0.009587228298187256
gemma4_e4b_all_legal_moves_v4,e4b,Gemma 4 E4B,16,0,4.650666666666667,0.009908787906169891
gemma4_e4b_all_legal_moves_v4,e4b,Gemma 4 E4B,16,0,4.661333333333333,0.009420057386159897
gemma4_e4b_all_legal_moves_v4,e4b,Gemma 4 E4B,16,0,4.672,0.007949981838464737
gemma4_e4b_all_legal_moves_v4,e4b,Gemma 4 E4B,16,0,4.682666666666667,0.008417150378227234
gemma4_e4b_all_legal_moves_v4,e4b,Gemma 4 E4B,16,0,4.693333333333333,0.0109001025557518
gemma4_e4b_all_legal_moves_v4,e4b,Gemma 4 E4B,16,0,4.704,0.012313786894083023
gemma4_e4b_all_legal_moves_v4,e4b,Gemma 4 E4B,16,0,4.714666666666667,0.011877063661813736
gemma4_e4b_all_legal_moves_v4,e4b,Gemma 4 E4B,16,0,4.725333333333333,0.013957850635051727
gemma4_e4b_all_legal_moves_v4,e4b,Gemma 4 E4B,16,0,4.736,0.008461767435073852
gemma4_e4b_all_legal_moves_v4,e4b,Gemma 4 E4B,16,0,4.746666666666667,0.009355296939611435
gemma4_e4b_all_legal_moves_v4,e4b,Gemma 4 E4B,16,0,4.757333333333333,0.009520760923624038
gemma4_e4b_all_legal_moves_v4,e4b,Gemma 4 E4B,16,0,4.768,0.008833592385053634
gemma4_e4b_all_legal_moves_v4,e4b,Gemma 4 E4B,16,0,4.778666666666666,0.009363318234682083
gemma4_e4b_all_legal_moves_v4,e4b,Gemma 4 E4B,16,0,4.789333333333333,0.008223788440227508
gemma4_e4b_all_legal_moves_v4,e4b,Gemma 4 E4B,16,0,4.8,0.00887470692396164
gemma4_e4b_all_legal_moves_v4,e4b,Gemma 4 E4B,16,0,4.810666666666666,0.010402338206768036
gemma4_e4b_all_legal_moves_v4,e4b,Gemma 4 E4B,16,0,4.8213333333333335,0.012939944863319397
gemma4_e4b_all_legal_moves_v4,e4b,Gemma 4 E4B,16,0,4.832,0.013647833466529846
gemma4_e4b_all_legal_moves_v4,e4b,Gemma 4 E4B,16,0,4.842666666666666,0.010551578551530837
gemma4_e4b_all_legal_moves_v4,e4b,Gemma 4 E4B,16,0,4.8533333333333335,0.009029046446084977
gemma4_e4b_all_legal_moves_v4,e4b,Gemma 4 E4B,16,0,4.864,0.01028420403599739
gemma4_e4b_all_legal_moves_v4,e4b,Gemma 4 E4B,16,0,4.874666666666666,0.00920955091714859
gemma4_e4b_all_legal_moves_v4,e4b,Gemma 4 E4B,16,0,4.8853333333333335,0.009011471271514892
gemma4_e4b_all_legal_moves_v4,e4b,Gemma 4 E4B,16,0,4.896,0.008451443910598756
gemma4_e4b_all_legal_moves_v4,e4b,Gemma 4 E4B,16,0,4.906666666666666,0.010924708098173141
gemma4_e4b_all_legal_moves_v4,e4b,Gemma 4 E4B,16,0,4.917333333333334,0.0112525075674057
gemma4_e4b_all_legal_moves_v4,e4b,Gemma 4 E4B,16,0,4.928,0.009400401264429092
gemma4_e4b_all_legal_moves_v4,e4b,Gemma 4 E4B,16,0,4.938666666666666,0.013209141790866852
gemma4_e4b_all_legal_moves_v4,e4b,Gemma 4 E4B,16,0,4.949333333333334,0.009760062396526336
gemma4_e4b_all_legal_moves_v4,e4b,Gemma 4 E4B,16,0,4.96,0.008620604872703552
gemma4_e4b_all_legal_moves_v4,e4b,Gemma 4 E4B,16,0,4.970666666666666,0.011771791428327561
gemma4_e4b_all_legal_moves_v4,e4b,Gemma 4 E4B,16,0,4.981333333333334,0.010587456077337265
gemma4_e4b_all_legal_moves_v4,e4b,Gemma 4 E4B,16,0,4.992,0.011628224700689315
gemma4_e4b_all_legal_moves_v3,e4b,Gemma 4 E4B,32,0,0.010666666666666666,1.4189846992492676
gemma4_e4b_all_legal_moves_v3,e4b,Gemma 4 E4B,32,0,0.021333333333333333,0.6843408584594727
gemma4_e4b_all_legal_moves_v3,e4b,Gemma 4 E4B,32,0,0.032,0.4317711353302002
gemma4_e4b_all_legal_moves_v3,e4b,Gemma 4 E4B,32,0,0.042666666666666665,0.2954509496688843
gemma4_e4b_all_legal_moves_v3,e4b,Gemma 4 E4B,32,0,0.05333333333333334,0.26236920356750487
gemma4_e4b_all_legal_moves_v3,e4b,Gemma 4 E4B,32,0,0.064,0.20689039230346679
gemma4_e4b_all_legal_moves_v3,e4b,Gemma 4 E4B,32,0,0.07466666666666667,0.17155681848526
gemma4_e4b_all_legal_moves_v3,e4b,Gemma 4 E4B,32,0,0.08533333333333333,0.14993611574172974
gemma4_e4b_all_legal_moves_v3,e4b,Gemma 4 E4B,32,0,0.096,0.1586954712867737
gemma4_e4b_all_legal_moves_v3,e4b,Gemma 4 E4B,32,0,0.10666666666666667,0.14971659183502198
gemma4_e4b_all_legal_moves_v3,e4b,Gemma 4 E4B,32,0,0.11733333333333333,0.1387567400932312
gemma4_e4b_all_legal_moves_v3,e4b,Gemma 4 E4B,32,0,0.128,0.14612672328948975
gemma4_e4b_all_legal_moves_v3,e4b,Gemma 4 E4B,32,0,0.13866666666666666,0.13786680698394777
gemma4_e4b_all_legal_moves_v3,e4b,Gemma 4 E4B,32,0,0.14933333333333335,0.14311466217041016
gemma4_e4b_all_legal_moves_v3,e4b,Gemma 4 E4B,32,0,0.16,0.11901835203170777
gemma4_e4b_all_legal_moves_v3,e4b,Gemma 4 E4B,32,0,0.17066666666666666,0.10611768960952758
gemma4_e4b_all_legal_moves_v3,e4b,Gemma 4 E4B,32,0,0.18133333333333335,0.09583457708358764
gemma4_e4b_all_legal_moves_v3,e4b,Gemma 4 E4B,32,0,0.192,0.09694525003433227
gemma4_e4b_all_legal_moves_v3,e4b,Gemma 4 E4B,32,0,0.20266666666666666,0.10187535285949707
gemma4_e4b_all_legal_moves_v3,e4b,Gemma 4 E4B,32,0,0.21333333333333335,0.0944137454032898
gemma4_e4b_all_legal_moves_v3,e4b,Gemma 4 E4B,32,0,0.224,0.09369435906410217
gemma4_e4b_all_legal_moves_v3,e4b,Gemma 4 E4B,32,0,0.23466666666666666,0.09108052253723145
gemma4_e4b_all_legal_moves_v3,e4b,Gemma 4 E4B,32,0,0.24533333333333332,0.10252180099487304
gemma4_e4b_all_legal_moves_v3,e4b,Gemma 4 E4B,32,0,0.256,0.09790456891059876
gemma4_e4b_all_legal_moves_v3,e4b,Gemma 4 E4B,32,0,0.26666666666666666,0.09590145349502563
gemma4_e4b_all_legal_moves_v3,e4b,Gemma 4 E4B,32,0,0.2773333333333333,0.09635292291641236
gemma4_e4b_all_legal_moves_v3,e4b,Gemma 4 E4B,32,0,0.288,0.07957984209060669
gemma4_e4b_all_legal_moves_v3,e4b,Gemma 4 E4B,32,0,0.2986666666666667,0.07544265985488892
gemma4_e4b_all_legal_moves_v3,e4b,Gemma 4 E4B,32,0,0.30933333333333335,0.0693853735923767
gemma4_e4b_all_legal_moves_v3,e4b,Gemma 4 E4B,32,0,0.32,0.06711941957473755
gemma4_e4b_all_legal_moves_v3,e4b,Gemma 4 E4B,32,0,0.33066666666666666,0.0691145658493042
gemma4_e4b_all_legal_moves_v3,e4b,Gemma 4 E4B,32,0,0.3413333333333333,0.0740358591079712
gemma4_e4b_all_legal_moves_v3,e4b,Gemma 4 E4B,32,0,0.352,0.0699134647846222
gemma4_e4b_all_legal_moves_v3,e4b,Gemma 4 E4B,32,0,0.3626666666666667,0.06969363689422607
gemma4_e4b_all_legal_moves_v3,e4b,Gemma 4 E4B,32,0,0.37333333333333335,0.06774758100509644
gemma4_e4b_all_legal_moves_v3,e4b,Gemma 4 E4B,32,0,0.384,0.06925956606864929
gemma4_e4b_all_legal_moves_v3,e4b,Gemma 4 E4B,32,0,0.39466666666666667,0.07983056902885437
gemma4_e4b_all_legal_moves_v3,e4b,Gemma 4 E4B,32,0,0.4053333333333333,0.0812735140323639
gemma4_e4b_all_legal_moves_v3,e4b,Gemma 4 E4B,32,0,0.416,0.08213727474212647
gemma4_e4b_all_legal_moves_v3,e4b,Gemma 4 E4B,32,0,0.4266666666666667,0.08030321598052978
gemma4_e4b_all_legal_moves_v3,e4b,Gemma 4 E4B,32,0,0.43733333333333335,0.07076405286788941
gemma4_e4b_all_legal_moves_v3,e4b,Gemma 4 E4B,32,0,0.448,0.06501596570014953
gemma4_e4b_all_legal_moves_v3,e4b,Gemma 4 E4B,32,0,0.45866666666666667,0.057674407958984375
gemma4_e4b_all_legal_moves_v3,e4b,Gemma 4 E4B,32,0,0.4693333333333333,0.05627774000167847
gemma4_e4b_all_legal_moves_v3,e4b,Gemma 4 E4B,32,0,0.48,0.05697973370552063
gemma4_e4b_all_legal_moves_v3,e4b,Gemma 4 E4B,32,0,0.49066666666666664,0.058213222026824954
gemma4_e4b_all_legal_moves_v3,e4b,Gemma 4 E4B,32,0,0.5013333333333333,0.05617284178733826
gemma4_e4b_all_legal_moves_v3,e4b,Gemma 4 E4B,32,0,0.512,0.05932322144508362
gemma4_e4b_all_legal_moves_v3,e4b,Gemma 4 E4B,32,0,0.5226666666666666,0.058188611268997194
gemma4_e4b_all_legal_moves_v3,e4b,Gemma 4 E4B,32,0,0.5333333333333333,0.05452579855918884
gemma4_e4b_all_legal_moves_v3,e4b,Gemma 4 E4B,32,0,0.544,0.06407275795936584
gemma4_e4b_all_legal_moves_v3,e4b,Gemma 4 E4B,32,0,0.5546666666666666,0.07380626797676086
gemma4_e4b_all_legal_moves_v3,e4b,Gemma 4 E4B,32,0,0.5653333333333334,0.07225778102874755
gemma4_e4b_all_legal_moves_v3,e4b,Gemma 4 E4B,32,0,0.576,0.07894226312637329
gemma4_e4b_all_legal_moves_v3,e4b,Gemma 4 E4B,32,0,0.5866666666666667,0.06330116987228393
gemma4_e4b_all_legal_moves_v3,e4b,Gemma 4 E4B,32,0,0.5973333333333334,0.05766239166259766
gemma4_e4b_all_legal_moves_v3,e4b,Gemma 4 E4B,32,0,0.608,0.0559765636920929
gemma4_e4b_all_legal_moves_v3,e4b,Gemma 4 E4B,32,0,0.6186666666666667,0.0546116828918457
gemma4_e4b_all_legal_moves_v3,e4b,Gemma 4 E4B,32,0,0.6293333333333333,0.05014449954032898
gemma4_e4b_all_legal_moves_v3,e4b,Gemma 4 E4B,32,0,0.64,0.05245511531829834
gemma4_e4b_all_legal_moves_v3,e4b,Gemma 4 E4B,32,0,0.6506666666666666,0.05312014818191528
gemma4_e4b_all_legal_moves_v3,e4b,Gemma 4 E4B,32,0,0.6613333333333333,0.053332972526550296
gemma4_e4b_all_legal_moves_v3,e4b,Gemma 4 E4B,32,0,0.672,0.050809651613235474
gemma4_e4b_all_legal_moves_v3,e4b,Gemma 4 E4B,32,0,0.6826666666666666,0.05029378533363342
gemma4_e4b_all_legal_moves_v3,e4b,Gemma 4 E4B,32,0,0.6933333333333334,0.06046951413154602
gemma4_e4b_all_legal_moves_v3,e4b,Gemma 4 E4B,32,0,0.704,0.06926757097244263
gemma4_e4b_all_legal_moves_v3,e4b,Gemma 4 E4B,32,0,0.7146666666666667,0.07342272400856018
gemma4_e4b_all_legal_moves_v3,e4b,Gemma 4 E4B,32,0,0.7253333333333334,0.06887828707695007
gemma4_e4b_all_legal_moves_v3,e4b,Gemma 4 E4B,32,0,0.736,0.05700591206550598
gemma4_e4b_all_legal_moves_v3,e4b,Gemma 4 E4B,32,0,0.7466666666666667,0.05198121666908264
gemma4_e4b_all_legal_moves_v3,e4b,Gemma 4 E4B,32,0,0.7573333333333333,0.04970344603061676
gemma4_e4b_all_legal_moves_v3,e4b,Gemma 4 E4B,32,0,0.768,0.04688215255737305
gemma4_e4b_all_legal_moves_v3,e4b,Gemma 4 E4B,32,0,0.7786666666666666,0.048740309476852414
gemma4_e4b_all_legal_moves_v3,e4b,Gemma 4 E4B,32,0,0.7893333333333333,0.04728242754936218
gemma4_e4b_all_legal_moves_v3,e4b,Gemma 4 E4B,32,0,0.8,0.046632468700408936
gemma4_e4b_all_legal_moves_v3,e4b,Gemma 4 E4B,32,0,0.8106666666666666,0.04994131624698639
gemma4_e4b_all_legal_moves_v3,e4b,Gemma 4 E4B,32,0,0.8213333333333334,0.06813585758209229
gemma4_e4b_all_legal_moves_v3,e4b,Gemma 4 E4B,32,0,0.832,0.07288617491722107
gemma4_e4b_all_legal_moves_v3,e4b,Gemma 4 E4B,32,0,0.8426666666666667,0.06268191337585449
gemma4_e4b_all_legal_moves_v3,e4b,Gemma 4 E4B,32,0,0.8533333333333334,0.048906922340393066
gemma4_e4b_all_legal_moves_v3,e4b,Gemma 4 E4B,32,0,0.864,0.05411368012428284
gemma4_e4b_all_legal_moves_v3,e4b,Gemma 4 E4B,32,0,0.8746666666666667,0.045851138234138486
gemma4_e4b_all_legal_moves_v3,e4b,Gemma 4 E4B,32,0,0.8853333333333333,0.04672064483165741
gemma4_e4b_all_legal_moves_v3,e4b,Gemma 4 E4B,32,0,0.896,0.046072980761528014
gemma4_e4b_all_legal_moves_v3,e4b,Gemma 4 E4B,32,0,0.9066666666666666,0.05595493912696838
gemma4_e4b_all_legal_moves_v3,e4b,Gemma 4 E4B,32,0,0.9173333333333333,0.06738483905792236
gemma4_e4b_all_legal_moves_v3,e4b,Gemma 4 E4B,32,0,0.928,0.055784976482391356
gemma4_e4b_all_legal_moves_v3,e4b,Gemma 4 E4B,32,0,0.9386666666666666,0.06130273342132568
gemma4_e4b_all_legal_moves_v3,e4b,Gemma 4 E4B,32,0,0.9493333333333334,0.05229093432426453
gemma4_e4b_all_legal_moves_v3,e4b,Gemma 4 E4B,32,0,0.96,0.04642604887485504
gemma4_e4b_all_legal_moves_v3,e4b,Gemma 4 E4B,32,0,0.9706666666666667,0.05832316279411316
gemma4_e4b_all_legal_moves_v3,e4b,Gemma 4 E4B,32,0,0.9813333333333333,0.05780671238899231
gemma4_e4b_all_legal_moves_v3,e4b,Gemma 4 E4B,32,0,0.992,0.06698434948921203
gemma4_e4b_all_legal_moves_v3,e4b,Gemma 4 E4B,32,0,1.0026666666666666,0.05901080369949341
gemma4_e4b_all_legal_moves_v3,e4b,Gemma 4 E4B,32,0,1.0133333333333334,0.036967554688453676
gemma4_e4b_all_legal_moves_v3,e4b,Gemma 4 E4B,32,0,1.024,0.03862488269805908
gemma4_e4b_all_legal_moves_v3,e4b,Gemma 4 E4B,32,0,1.0346666666666666,0.04058335721492767
gemma4_e4b_all_legal_moves_v3,e4b,Gemma 4 E4B,32,0,1.0453333333333332,0.05739197731018066
gemma4_e4b_all_legal_moves_v3,e4b,Gemma 4 E4B,32,0,1.056,0.058690160512924194
gemma4_e4b_all_legal_moves_v3,e4b,Gemma 4 E4B,32,0,1.0666666666666667,0.03807423710823059
gemma4_e4b_all_legal_moves_v3,e4b,Gemma 4 E4B,32,0,1.0773333333333333,0.038624194264411923
gemma4_e4b_all_legal_moves_v3,e4b,Gemma 4 E4B,32,0,1.088,0.03522197604179382
gemma4_e4b_all_legal_moves_v3,e4b,Gemma 4 E4B,32,0,1.0986666666666667,0.03708138465881348
gemma4_e4b_all_legal_moves_v3,e4b,Gemma 4 E4B,32,0,1.1093333333333333,0.03882493376731873
gemma4_e4b_all_legal_moves_v3,e4b,Gemma 4 E4B,32,0,1.12,0.04006314277648926
gemma4_e4b_all_legal_moves_v3,e4b,Gemma 4 E4B,32,0,1.1306666666666667,0.04884939193725586
gemma4_e4b_all_legal_moves_v3,e4b,Gemma 4 E4B,32,0,1.1413333333333333,0.04897313117980957
gemma4_e4b_all_legal_moves_v3,e4b,Gemma 4 E4B,32,0,1.152,0.04556145071983338
gemma4_e4b_all_legal_moves_v3,e4b,Gemma 4 E4B,32,0,1.1626666666666667,0.03876655697822571
gemma4_e4b_all_legal_moves_v3,e4b,Gemma 4 E4B,32,0,1.1733333333333333,0.036347582936286926
gemma4_e4b_all_legal_moves_v3,e4b,Gemma 4 E4B,32,0,1.184,0.03485594093799591
gemma4_e4b_all_legal_moves_v3,e4b,Gemma 4 E4B,32,0,1.1946666666666665,0.033475872874259946
gemma4_e4b_all_legal_moves_v3,e4b,Gemma 4 E4B,32,0,1.2053333333333334,0.036685481667518616
gemma4_e4b_all_legal_moves_v3,e4b,Gemma 4 E4B,32,0,1.216,0.032898935675621035
gemma4_e4b_all_legal_moves_v3,e4b,Gemma 4 E4B,32,0,1.2266666666666666,0.036199265718460084
gemma4_e4b_all_legal_moves_v3,e4b,Gemma 4 E4B,32,0,1.2373333333333334,0.03858226537704468
gemma4_e4b_all_legal_moves_v3,e4b,Gemma 4 E4B,32,0,1.248,0.045775187015533444
gemma4_e4b_all_legal_moves_v3,e4b,Gemma 4 E4B,32,0,1.2586666666666666,0.05293785333633423
gemma4_e4b_all_legal_moves_v3,e4b,Gemma 4 E4B,32,0,1.2693333333333334,0.04842996597290039
gemma4_e4b_all_legal_moves_v3,e4b,Gemma 4 E4B,32,0,1.28,0.03958465456962586
gemma4_e4b_all_legal_moves_v3,e4b,Gemma 4 E4B,32,0,1.2906666666666666,0.03537185192108154
gemma4_e4b_all_legal_moves_v3,e4b,Gemma 4 E4B,32,0,1.3013333333333335,0.034991270303726195
gemma4_e4b_all_legal_moves_v3,e4b,Gemma 4 E4B,32,0,1.312,0.03176455795764923
gemma4_e4b_all_legal_moves_v3,e4b,Gemma 4 E4B,32,0,1.3226666666666667,0.032562637329101564
gemma4_e4b_all_legal_moves_v3,e4b,Gemma 4 E4B,32,0,1.3333333333333333,0.03304654657840729
gemma4_e4b_all_legal_moves_v3,e4b,Gemma 4 E4B,32,0,1.3439999999999999,0.03264890313148498
gemma4_e4b_all_legal_moves_v3,e4b,Gemma 4 E4B,32,0,1.3546666666666667,0.032496726512908934
gemma4_e4b_all_legal_moves_v3,e4b,Gemma 4 E4B,32,0,1.3653333333333333,0.03257600665092468
gemma4_e4b_all_legal_moves_v3,e4b,Gemma 4 E4B,32,0,1.376,0.03410015404224396
gemma4_e4b_all_legal_moves_v3,e4b,Gemma 4 E4B,32,0,1.3866666666666667,0.03446004092693329
gemma4_e4b_all_legal_moves_v3,e4b,Gemma 4 E4B,32,0,1.3973333333333333,0.046513280272483824
gemma4_e4b_all_legal_moves_v3,e4b,Gemma 4 E4B,32,0,1.408,0.04992938637733459
gemma4_e4b_all_legal_moves_v3,e4b,Gemma 4 E4B,32,0,1.4186666666666667,0.05277855396270752
gemma4_e4b_all_legal_moves_v3,e4b,Gemma 4 E4B,32,0,1.4293333333333333,0.0441537082195282
gemma4_e4b_all_legal_moves_v3,e4b,Gemma 4 E4B,32,0,1.44,0.036029073596000674
gemma4_e4b_all_legal_moves_v3,e4b,Gemma 4 E4B,32,0,1.4506666666666668,0.03508367836475372
gemma4_e4b_all_legal_moves_v3,e4b,Gemma 4 E4B,32,0,1.4613333333333334,0.03154968917369842
gemma4_e4b_all_legal_moves_v3,e4b,Gemma 4 E4B,32,0,1.472,0.03071387708187103
gemma4_e4b_all_legal_moves_v3,e4b,Gemma 4 E4B,32,0,1.4826666666666668,0.029413941502571105
gemma4_e4b_all_legal_moves_v3,e4b,Gemma 4 E4B,32,0,1.4933333333333334,0.031055119633674622
gemma4_e4b_all_legal_moves_v3,e4b,Gemma 4 E4B,32,0,1.504,0.030406486988067628
gemma4_e4b_all_legal_moves_v3,e4b,Gemma 4 E4B,32,0,1.5146666666666668,0.031708362698554995
gemma4_e4b_all_legal_moves_v3,e4b,Gemma 4 E4B,32,0,1.5253333333333332,0.028620105981826783
gemma4_e4b_all_legal_moves_v3,e4b,Gemma 4 E4B,32,0,1.536,0.02928999364376068
gemma4_e4b_all_legal_moves_v3,e4b,Gemma 4 E4B,32,0,1.5466666666666666,0.04316689670085907
gemma4_e4b_all_legal_moves_v3,e4b,Gemma 4 E4B,32,0,1.5573333333333332,0.045660144090652464
gemma4_e4b_all_legal_moves_v3,e4b,Gemma 4 E4B,32,0,1.568,0.045068174600601196
gemma4_e4b_all_legal_moves_v3,e4b,Gemma 4 E4B,32,0,1.5786666666666667,0.04606195092201233
gemma4_e4b_all_legal_moves_v3,e4b,Gemma 4 E4B,32,0,1.5893333333333333,0.03125209808349609
gemma4_e4b_all_legal_moves_v3,e4b,Gemma 4 E4B,32,0,1.6,0.0325627326965332
gemma4_e4b_all_legal_moves_v3,e4b,Gemma 4 E4B,32,0,1.6106666666666667,0.028170499205589294
gemma4_e4b_all_legal_moves_v3,e4b,Gemma 4 E4B,32,0,1.6213333333333333,0.02962782084941864
gemma4_e4b_all_legal_moves_v3,e4b,Gemma 4 E4B,32,0,1.6320000000000001,0.028343749046325684
gemma4_e4b_all_legal_moves_v3,e4b,Gemma 4 E4B,32,0,1.6426666666666667,0.03001750707626343
gemma4_e4b_all_legal_moves_v3,e4b,Gemma 4 E4B,32,0,1.6533333333333333,0.03125763833522797
gemma4_e4b_all_legal_moves_v3,e4b,Gemma 4 E4B,32,0,1.6640000000000001,0.0278815358877182
gemma4_e4b_all_legal_moves_v3,e4b,Gemma 4 E4B,32,0,1.6746666666666665,0.026222586631774902
gemma4_e4b_all_legal_moves_v3,e4b,Gemma 4 E4B,32,0,1.6853333333333333,0.028221046924591063
gemma4_e4b_all_legal_moves_v3,e4b,Gemma 4 E4B,32,0,1.696,0.03995406627655029
gemma4_e4b_all_legal_moves_v3,e4b,Gemma 4 E4B,32,0,1.7066666666666666,0.04671129882335663
gemma4_e4b_all_legal_moves_v3,e4b,Gemma 4 E4B,32,0,1.7173333333333334,0.04509069919586182
gemma4_e4b_all_legal_moves_v3,e4b,Gemma 4 E4B,32,0,1.728,0.043377256393432616
gemma4_e4b_all_legal_moves_v3,e4b,Gemma 4 E4B,32,0,1.7386666666666666,0.030603456497192382
gemma4_e4b_all_legal_moves_v3,e4b,Gemma 4 E4B,32,0,1.7493333333333334,0.029847532510757446
gemma4_e4b_all_legal_moves_v3,e4b,Gemma 4 E4B,32,0,1.76,0.027030017971992493
gemma4_e4b_all_legal_moves_v3,e4b,Gemma 4 E4B,32,0,1.7706666666666666,0.026541608572006225
gemma4_e4b_all_legal_moves_v3,e4b,Gemma 4 E4B,32,0,1.7813333333333334,0.026566869020462035
gemma4_e4b_all_legal_moves_v3,e4b,Gemma 4 E4B,32,0,1.792,0.027204522490501405
gemma4_e4b_all_legal_moves_v3,e4b,Gemma 4 E4B,32,0,1.8026666666666666,0.02635432481765747
gemma4_e4b_all_legal_moves_v3,e4b,Gemma 4 E4B,32,0,1.8133333333333335,0.03765362203121185
gemma4_e4b_all_legal_moves_v3,e4b,Gemma 4 E4B,32,0,1.8239999999999998,0.04851408898830414
gemma4_e4b_all_legal_moves_v3,e4b,Gemma 4 E4B,32,0,1.8346666666666667,0.04813137650489807
gemma4_e4b_all_legal_moves_v3,e4b,Gemma 4 E4B,32,0,1.8453333333333335,0.03616999983787537
gemma4_e4b_all_legal_moves_v3,e4b,Gemma 4 E4B,32,0,1.8559999999999999,0.032336997985839847
gemma4_e4b_all_legal_moves_v3,e4b,Gemma 4 E4B,32,0,1.8666666666666667,0.037884166836738585
gemma4_e4b_all_legal_moves_v3,e4b,Gemma 4 E4B,32,0,1.8773333333333333,0.02963712215423584
gemma4_e4b_all_legal_moves_v3,e4b,Gemma 4 E4B,32,0,1.888,0.031144165992736818
gemma4_e4b_all_legal_moves_v3,e4b,Gemma 4 E4B,32,0,1.8986666666666667,0.0269128680229187
gemma4_e4b_all_legal_moves_v3,e4b,Gemma 4 E4B,32,0,1.9093333333333333,0.03944772183895111
gemma4_e4b_all_legal_moves_v3,e4b,Gemma 4 E4B,32,0,1.92,0.04487287998199463
gemma4_e4b_all_legal_moves_v3,e4b,Gemma 4 E4B,32,0,1.9306666666666668,0.0304024338722229
gemma4_e4b_all_legal_moves_v3,e4b,Gemma 4 E4B,32,0,1.9413333333333334,0.042133063077926636
gemma4_e4b_all_legal_moves_v3,e4b,Gemma 4 E4B,32,0,1.952,0.02909838259220123
gemma4_e4b_all_legal_moves_v3,e4b,Gemma 4 E4B,32,0,1.9626666666666668,0.027488934993743896
gemma4_e4b_all_legal_moves_v3,e4b,Gemma 4 E4B,32,0,1.9733333333333334,0.042667078971862796
gemma4_e4b_all_legal_moves_v3,e4b,Gemma 4 E4B,32,0,1.984,0.03733925521373749
gemma4_e4b_all_legal_moves_v3,e4b,Gemma 4 E4B,32,0,1.9946666666666668,0.04196726679801941
gemma4_e4b_all_legal_moves_v3,e4b,Gemma 4 E4B,32,0,2.005333333333333,0.03475098609924317
gemma4_e4b_all_legal_moves_v3,e4b,Gemma 4 E4B,32,0,2.016,0.022300218045711518
gemma4_e4b_all_legal_moves_v3,e4b,Gemma 4 E4B,32,0,2.026666666666667,0.022323927283287047
gemma4_e4b_all_legal_moves_v3,e4b,Gemma 4 E4B,32,0,2.037333333333333,0.02761683464050293
gemma4_e4b_all_legal_moves_v3,e4b,Gemma 4 E4B,32,0,2.048,0.03819619417190552
gemma4_e4b_all_legal_moves_v3,e4b,Gemma 4 E4B,32,0,2.058666666666667,0.033867576718330385
gemma4_e4b_all_legal_moves_v3,e4b,Gemma 4 E4B,32,0,2.0693333333333332,0.024358689785003662
gemma4_e4b_all_legal_moves_v3,e4b,Gemma 4 E4B,32,0,2.08,0.02277929037809372
gemma4_e4b_all_legal_moves_v3,e4b,Gemma 4 E4B,32,0,2.0906666666666665,0.020605015754699706
gemma4_e4b_all_legal_moves_v3,e4b,Gemma 4 E4B,32,0,2.1013333333333333,0.022632843255996703
gemma4_e4b_all_legal_moves_v3,e4b,Gemma 4 E4B,32,0,2.112,0.023192112147808076
gemma4_e4b_all_legal_moves_v3,e4b,Gemma 4 E4B,32,0,2.1226666666666665,0.02804597616195679
gemma4_e4b_all_legal_moves_v3,e4b,Gemma 4 E4B,32,0,2.1333333333333333,0.031318950653076175
gemma4_e4b_all_legal_moves_v3,e4b,Gemma 4 E4B,32,0,2.144,0.031189098954200745
gemma4_e4b_all_legal_moves_v3,e4b,Gemma 4 E4B,32,0,2.1546666666666665,0.025511619448661805
gemma4_e4b_all_legal_moves_v3,e4b,Gemma 4 E4B,32,0,2.1653333333333333,0.021721948683261872
gemma4_e4b_all_legal_moves_v3,e4b,Gemma 4 E4B,32,0,2.176,0.027176588773727417
gemma4_e4b_all_legal_moves_v3,e4b,Gemma 4 E4B,32,0,2.1866666666666665,0.019993551075458527
gemma4_e4b_all_legal_moves_v3,e4b,Gemma 4 E4B,32,0,2.1973333333333334,0.021060143411159516
gemma4_e4b_all_legal_moves_v3,e4b,Gemma 4 E4B,32,0,2.208,0.02059173583984375
gemma4_e4b_all_legal_moves_v3,e4b,Gemma 4 E4B,32,0,2.2186666666666666,0.019833514094352724
gemma4_e4b_all_legal_moves_v3,e4b,Gemma 4 E4B,32,0,2.2293333333333334,0.020564287900924683
gemma4_e4b_all_legal_moves_v3,e4b,Gemma 4 E4B,32,0,2.24,0.0253018856048584
gemma4_e4b_all_legal_moves_v3,e4b,Gemma 4 E4B,32,0,2.2506666666666666,0.03299824893474579
gemma4_e4b_all_legal_moves_v3,e4b,Gemma 4 E4B,32,0,2.2613333333333334,0.03211818933486939
gemma4_e4b_all_legal_moves_v3,e4b,Gemma 4 E4B,32,0,2.2720000000000002,0.029528501629829406
gemma4_e4b_all_legal_moves_v3,e4b,Gemma 4 E4B,32,0,2.2826666666666666,0.022594234347343443
gemma4_e4b_all_legal_moves_v3,e4b,Gemma 4 E4B,32,0,2.2933333333333334,0.023337383568286896
gemma4_e4b_all_legal_moves_v3,e4b,Gemma 4 E4B,32,0,2.304,0.02081505358219147
gemma4_e4b_all_legal_moves_v3,e4b,Gemma 4 E4B,32,0,2.3146666666666667,0.021418446302413942
gemma4_e4b_all_legal_moves_v3,e4b,Gemma 4 E4B,32,0,2.3253333333333335,0.020371001958847047
gemma4_e4b_all_legal_moves_v3,e4b,Gemma 4 E4B,32,0,2.336,0.020233628153800965
gemma4_e4b_all_legal_moves_v3,e4b,Gemma 4 E4B,32,0,2.3466666666666667,0.020604646205902098
gemma4_e4b_all_legal_moves_v3,e4b,Gemma 4 E4B,32,0,2.3573333333333335,0.019397637248039244
gemma4_e4b_all_legal_moves_v3,e4b,Gemma 4 E4B,32,0,2.368,0.02014659494161606
gemma4_e4b_all_legal_moves_v3,e4b,Gemma 4 E4B,32,0,2.3786666666666667,0.020110724866390227
gemma4_e4b_all_legal_moves_v3,e4b,Gemma 4 E4B,32,0,2.389333333333333,0.024317233264446257
gemma4_e4b_all_legal_moves_v3,e4b,Gemma 4 E4B,32,0,2.4,0.03090454638004303
gemma4_e4b_all_legal_moves_v3,e4b,Gemma 4 E4B,32,0,2.4106666666666667,0.03151032030582428
gemma4_e4b_all_legal_moves_v3,e4b,Gemma 4 E4B,32,0,2.421333333333333,0.028966715931892394
gemma4_e4b_all_legal_moves_v3,e4b,Gemma 4 E4B,32,0,2.432,0.022609952092170715
gemma4_e4b_all_legal_moves_v3,e4b,Gemma 4 E4B,32,0,2.4426666666666668,0.02084715962409973
gemma4_e4b_all_legal_moves_v3,e4b,Gemma 4 E4B,32,0,2.453333333333333,0.020089107751846313
gemma4_e4b_all_legal_moves_v3,e4b,Gemma 4 E4B,32,0,2.464,0.019397489726543427
gemma4_e4b_all_legal_moves_v3,e4b,Gemma 4 E4B,32,0,2.474666666666667,0.019014662504196166
gemma4_e4b_all_legal_moves_v3,e4b,Gemma 4 E4B,32,0,2.485333333333333,0.01854458898305893
gemma4_e4b_all_legal_moves_v3,e4b,Gemma 4 E4B,32,0,2.496,0.019620740413665773
gemma4_e4b_all_legal_moves_v3,e4b,Gemma 4 E4B,32,0,2.506666666666667,0.01824442148208618
gemma4_e4b_all_legal_moves_v3,e4b,Gemma 4 E4B,32,0,2.517333333333333,0.018638692796230316
gemma4_e4b_all_legal_moves_v3,e4b,Gemma 4 E4B,32,0,2.528,0.017646074295043945
gemma4_e4b_all_legal_moves_v3,e4b,Gemma 4 E4B,32,0,2.538666666666667,0.019027690589427947
gemma4_e4b_all_legal_moves_v3,e4b,Gemma 4 E4B,32,0,2.5493333333333332,0.030550429224967958
gemma4_e4b_all_legal_moves_v3,e4b,Gemma 4 E4B,32,0,2.56,0.03164005875587463
gemma4_e4b_all_legal_moves_v3,e4b,Gemma 4 E4B,32,0,2.570666666666667,0.03158890306949615
gemma4_e4b_all_legal_moves_v3,e4b,Gemma 4 E4B,32,0,2.5813333333333333,0.02720040678977966
gemma4_e4b_all_legal_moves_v3,e4b,Gemma 4 E4B,32,0,2.592,0.018281294405460356
gemma4_e4b_all_legal_moves_v3,e4b,Gemma 4 E4B,32,0,2.602666666666667,0.019846500456333162
gemma4_e4b_all_legal_moves_v3,e4b,Gemma 4 E4B,32,0,2.6133333333333333,0.01920919418334961
gemma4_e4b_all_legal_moves_v3,e4b,Gemma 4 E4B,32,0,2.624,0.018452543020248412
gemma4_e4b_all_legal_moves_v3,e4b,Gemma 4 E4B,32,0,2.634666666666667,0.018140390515327454
gemma4_e4b_all_legal_moves_v3,e4b,Gemma 4 E4B,32,0,2.6453333333333333,0.01937163770198822
gemma4_e4b_all_legal_moves_v3,e4b,Gemma 4 E4B,32,0,2.656,0.01929831802845001
gemma4_e4b_all_legal_moves_v3,e4b,Gemma 4 E4B,32,0,2.6666666666666665,0.019329868257045746
gemma4_e4b_all_legal_moves_v3,e4b,Gemma 4 E4B,32,0,2.6773333333333333,0.017225998640060424
gemma4_e4b_all_legal_moves_v3,e4b,Gemma 4 E4B,32,0,2.6879999999999997,0.017821332812309264
gemma4_e4b_all_legal_moves_v3,e4b,Gemma 4 E4B,32,0,2.6986666666666665,0.03439892530441284
gemma4_e4b_all_legal_moves_v3,e4b,Gemma 4 E4B,32,0,2.7093333333333334,0.03371629416942597
gemma4_e4b_all_legal_moves_v3,e4b,Gemma 4 E4B,32,0,2.7199999999999998,0.033774766325950625
gemma4_e4b_all_legal_moves_v3,e4b,Gemma 4 E4B,32,0,2.7306666666666666,0.028036966919898987
gemma4_e4b_all_legal_moves_v3,e4b,Gemma 4 E4B,32,0,2.7413333333333334,0.01929556578397751
gemma4_e4b_all_legal_moves_v3,e4b,Gemma 4 E4B,32,0,2.752,0.018463143706321718
gemma4_e4b_all_legal_moves_v3,e4b,Gemma 4 E4B,32,0,2.7626666666666666,0.018979671597480773
gemma4_e4b_all_legal_moves_v3,e4b,Gemma 4 E4B,32,0,2.7733333333333334,0.01841244250535965
gemma4_e4b_all_legal_moves_v3,e4b,Gemma 4 E4B,32,0,2.784,0.017614567279815675
gemma4_e4b_all_legal_moves_v3,e4b,Gemma 4 E4B,32,0,2.7946666666666666,0.017387720942497253
gemma4_e4b_all_legal_moves_v3,e4b,Gemma 4 E4B,32,0,2.8053333333333335,0.017237643897533416
gemma4_e4b_all_legal_moves_v3,e4b,Gemma 4 E4B,32,0,2.816,0.02834252715110779
gemma4_e4b_all_legal_moves_v3,e4b,Gemma 4 E4B,32,0,2.8266666666666667,0.032845905423164366
gemma4_e4b_all_legal_moves_v3,e4b,Gemma 4 E4B,32,0,2.8373333333333335,0.03219476640224457
gemma4_e4b_all_legal_moves_v3,e4b,Gemma 4 E4B,32,0,2.848,0.019102661311626433
gemma4_e4b_all_legal_moves_v3,e4b,Gemma 4 E4B,32,0,2.8586666666666667,0.02449052780866623
gemma4_e4b_all_legal_moves_v3,e4b,Gemma 4 E4B,32,0,2.8693333333333335,0.019816434383392333
gemma4_e4b_all_legal_moves_v3,e4b,Gemma 4 E4B,32,0,2.88,0.01895662248134613
gemma4_e4b_all_legal_moves_v3,e4b,Gemma 4 E4B,32,0,2.8906666666666667,0.01742435246706009
gemma4_e4b_all_legal_moves_v3,e4b,Gemma 4 E4B,32,0,2.9013333333333335,0.017618748545646667
gemma4_e4b_all_legal_moves_v3,e4b,Gemma 4 E4B,32,0,2.912,0.027566173672676088
gemma4_e4b_all_legal_moves_v3,e4b,Gemma 4 E4B,32,0,2.9226666666666667,0.03018767833709717
gemma4_e4b_all_legal_moves_v3,e4b,Gemma 4 E4B,32,0,2.9333333333333336,0.021851201355457307
gemma4_e4b_all_legal_moves_v3,e4b,Gemma 4 E4B,32,0,2.944,0.02382986545562744
gemma4_e4b_all_legal_moves_v3,e4b,Gemma 4 E4B,32,0,2.9546666666666668,0.016851086914539338
gemma4_e4b_all_legal_moves_v3,e4b,Gemma 4 E4B,32,0,2.9653333333333336,0.02169262766838074
gemma4_e4b_all_legal_moves_v3,e4b,Gemma 4 E4B,32,0,2.976,0.027390283346176148
gemma4_e4b_all_legal_moves_v3,e4b,Gemma 4 E4B,32,0,2.986666666666667,0.025915497541427614
gemma4_e4b_all_legal_moves_v3,e4b,Gemma 4 E4B,32,0,2.997333333333333,0.025444796681404112
gemma4_e4b_all_legal_moves_v3,e4b,Gemma 4 E4B,32,0,3.008,0.018230175971984862
gemma4_e4b_all_legal_moves_v3,e4b,Gemma 4 E4B,32,0,3.018666666666667,0.016191793978214263
gemma4_e4b_all_legal_moves_v3,e4b,Gemma 4 E4B,32,0,3.029333333333333,0.014401064813137054
gemma4_e4b_all_legal_moves_v3,e4b,Gemma 4 E4B,32,0,3.04,0.021792392432689666
gemma4_e4b_all_legal_moves_v3,e4b,Gemma 4 E4B,32,0,3.050666666666667,0.026149305701255798
gemma4_e4b_all_legal_moves_v3,e4b,Gemma 4 E4B,32,0,3.0613333333333332,0.01947180926799774
gemma4_e4b_all_legal_moves_v3,e4b,Gemma 4 E4B,32,0,3.072,0.015587952733039857
gemma4_e4b_all_legal_moves_v3,e4b,Gemma 4 E4B,32,0,3.0826666666666664,0.015309076011180877
gemma4_e4b_all_legal_moves_v3,e4b,Gemma 4 E4B,32,0,3.0933333333333333,0.012911464273929595
gemma4_e4b_all_legal_moves_v3,e4b,Gemma 4 E4B,32,0,3.104,0.014229030907154083
gemma4_e4b_all_legal_moves_v3,e4b,Gemma 4 E4B,32,0,3.1146666666666665,0.015084299445152282
gemma4_e4b_all_legal_moves_v3,e4b,Gemma 4 E4B,32,0,3.1253333333333333,0.02009025514125824
gemma4_e4b_all_legal_moves_v3,e4b,Gemma 4 E4B,32,0,3.136,0.022365276515483857
gemma4_e4b_all_legal_moves_v3,e4b,Gemma 4 E4B,32,0,3.1466666666666665,0.01896705776453018
gemma4_e4b_all_legal_moves_v3,e4b,Gemma 4 E4B,32,0,3.1573333333333333,0.017094948887825014
gemma4_e4b_all_legal_moves_v3,e4b,Gemma 4 E4B,32,0,3.168,0.014088340103626251
gemma4_e4b_all_legal_moves_v3,e4b,Gemma 4 E4B,32,0,3.1786666666666665,0.014553092420101166
gemma4_e4b_all_legal_moves_v3,e4b,Gemma 4 E4B,32,0,3.1893333333333334,0.012272960692644119
gemma4_e4b_all_legal_moves_v3,e4b,Gemma 4 E4B,32,0,3.2,0.012665437161922454
gemma4_e4b_all_legal_moves_v3,e4b,Gemma 4 E4B,32,0,3.2106666666666666,0.012405860424041747
gemma4_e4b_all_legal_moves_v3,e4b,Gemma 4 E4B,32,0,3.2213333333333334,0.013273681700229644
gemma4_e4b_all_legal_moves_v3,e4b,Gemma 4 E4B,32,0,3.232,0.013295313715934754
gemma4_e4b_all_legal_moves_v3,e4b,Gemma 4 E4B,32,0,3.2426666666666666,0.019226187467575075
gemma4_e4b_all_legal_moves_v3,e4b,Gemma 4 E4B,32,0,3.2533333333333334,0.023328903317451476
gemma4_e4b_all_legal_moves_v3,e4b,Gemma 4 E4B,32,0,3.2640000000000002,0.022297611832618712
gemma4_e4b_all_legal_moves_v3,e4b,Gemma 4 E4B,32,0,3.2746666666666666,0.016493822634220123
gemma4_e4b_all_legal_moves_v3,e4b,Gemma 4 E4B,32,0,3.2853333333333334,0.01414986252784729
gemma4_e4b_all_legal_moves_v3,e4b,Gemma 4 E4B,32,0,3.296,0.01463989019393921
gemma4_e4b_all_legal_moves_v3,e4b,Gemma 4 E4B,32,0,3.3066666666666666,0.014332245290279388
gemma4_e4b_all_legal_moves_v3,e4b,Gemma 4 E4B,32,0,3.3173333333333335,0.014711211621761321
gemma4_e4b_all_legal_moves_v3,e4b,Gemma 4 E4B,32,0,3.328,0.013205468654632568
gemma4_e4b_all_legal_moves_v3,e4b,Gemma 4 E4B,32,0,3.3386666666666667,0.012731316685676574
gemma4_e4b_all_legal_moves_v3,e4b,Gemma 4 E4B,32,0,3.3493333333333335,0.013200581073760986
gemma4_e4b_all_legal_moves_v3,e4b,Gemma 4 E4B,32,0,3.36,0.012048234790563583
gemma4_e4b_all_legal_moves_v3,e4b,Gemma 4 E4B,32,0,3.3706666666666667,0.01352987140417099
gemma4_e4b_all_legal_moves_v3,e4b,Gemma 4 E4B,32,0,3.3813333333333335,0.013143585622310638
gemma4_e4b_all_legal_moves_v3,e4b,Gemma 4 E4B,32,0,3.392,0.018245334923267364
gemma4_e4b_all_legal_moves_v3,e4b,Gemma 4 E4B,32,0,3.4026666666666667,0.020762027800083162
gemma4_e4b_all_legal_moves_v3,e4b,Gemma 4 E4B,32,0,3.413333333333333,0.021657313406467437
gemma4_e4b_all_legal_moves_v3,e4b,Gemma 4 E4B,32,0,3.424,0.019077852368354797
gemma4_e4b_all_legal_moves_v3,e4b,Gemma 4 E4B,32,0,3.4346666666666668,0.012806092202663422
gemma4_e4b_all_legal_moves_v3,e4b,Gemma 4 E4B,32,0,3.445333333333333,0.013089488446712493
gemma4_e4b_all_legal_moves_v3,e4b,Gemma 4 E4B,32,0,3.456,0.013035658001899719
gemma4_e4b_all_legal_moves_v3,e4b,Gemma 4 E4B,32,0,3.466666666666667,0.01223984882235527
gemma4_e4b_all_legal_moves_v3,e4b,Gemma 4 E4B,32,0,3.477333333333333,0.011388704925775529
gemma4_e4b_all_legal_moves_v3,e4b,Gemma 4 E4B,32,0,3.488,0.011938730627298355
gemma4_e4b_all_legal_moves_v3,e4b,Gemma 4 E4B,32,0,3.498666666666667,0.011310436576604844
gemma4_e4b_all_legal_moves_v3,e4b,Gemma 4 E4B,32,0,3.509333333333333,0.012926146388053894
gemma4_e4b_all_legal_moves_v3,e4b,Gemma 4 E4B,32,0,3.52,0.011553630232810974
gemma4_e4b_all_legal_moves_v3,e4b,Gemma 4 E4B,32,0,3.530666666666667,0.010578891634941101
gemma4_e4b_all_legal_moves_v3,e4b,Gemma 4 E4B,32,0,3.541333333333333,0.013869836926460266
gemma4_e4b_all_legal_moves_v3,e4b,Gemma 4 E4B,32,0,3.552,0.020167569816112518
gemma4_e4b_all_legal_moves_v3,e4b,Gemma 4 E4B,32,0,3.562666666666667,0.01907545477151871
gemma4_e4b_all_legal_moves_v3,e4b,Gemma 4 E4B,32,0,3.5733333333333333,0.023106496036052703
gemma4_e4b_all_legal_moves_v3,e4b,Gemma 4 E4B,32,0,3.584,0.013479579985141755
gemma4_e4b_all_legal_moves_v3,e4b,Gemma 4 E4B,32,0,3.594666666666667,0.012035489827394486
gemma4_e4b_all_legal_moves_v3,e4b,Gemma 4 E4B,32,0,3.6053333333333333,0.013416294753551484
gemma4_e4b_all_legal_moves_v3,e4b,Gemma 4 E4B,32,0,3.616,0.012991440296173096
gemma4_e4b_all_legal_moves_v3,e4b,Gemma 4 E4B,32,0,3.626666666666667,0.011621727049350739
gemma4_e4b_all_legal_moves_v3,e4b,Gemma 4 E4B,32,0,3.6373333333333333,0.011440181732177734
gemma4_e4b_all_legal_moves_v3,e4b,Gemma 4 E4B,32,0,3.648,0.012847554683685303
gemma4_e4b_all_legal_moves_v3,e4b,Gemma 4 E4B,32,0,3.6586666666666665,0.012251752614974975
gemma4_e4b_all_legal_moves_v3,e4b,Gemma 4 E4B,32,0,3.6693333333333333,0.010915539413690566
gemma4_e4b_all_legal_moves_v3,e4b,Gemma 4 E4B,32,0,3.68,0.011937958747148513
gemma4_e4b_all_legal_moves_v3,e4b,Gemma 4 E4B,32,0,3.6906666666666665,0.013516241312026977
gemma4_e4b_all_legal_moves_v3,e4b,Gemma 4 E4B,32,0,3.7013333333333334,0.01923038959503174
gemma4_e4b_all_legal_moves_v3,e4b,Gemma 4 E4B,32,0,3.7119999999999997,0.01620597541332245
gemma4_e4b_all_legal_moves_v3,e4b,Gemma 4 E4B,32,0,3.7226666666666666,0.020910832285881042
gemma4_e4b_all_legal_moves_v3,e4b,Gemma 4 E4B,32,0,3.7333333333333334,0.015743188560009003
gemma4_e4b_all_legal_moves_v3,e4b,Gemma 4 E4B,32,0,3.7439999999999998,0.01308722198009491
gemma4_e4b_all_legal_moves_v3,e4b,Gemma 4 E4B,32,0,3.7546666666666666,0.012002387642860412
gemma4_e4b_all_legal_moves_v3,e4b,Gemma 4 E4B,32,0,3.7653333333333334,0.011727815866470337
gemma4_e4b_all_legal_moves_v3,e4b,Gemma 4 E4B,32,0,3.776,0.013042530417442322
gemma4_e4b_all_legal_moves_v3,e4b,Gemma 4 E4B,32,0,3.7866666666666666,0.009832515567541122
gemma4_e4b_all_legal_moves_v3,e4b,Gemma 4 E4B,32,0,3.7973333333333334,0.01216113120317459
gemma4_e4b_all_legal_moves_v3,e4b,Gemma 4 E4B,32,0,3.808,0.011555473506450652
gemma4_e4b_all_legal_moves_v3,e4b,Gemma 4 E4B,32,0,3.8186666666666667,0.019590872526168823
gemma4_e4b_all_legal_moves_v3,e4b,Gemma 4 E4B,32,0,3.8293333333333335,0.020129060745239256
gemma4_e4b_all_legal_moves_v3,e4b,Gemma 4 E4B,32,0,3.84,0.018350796401500703
gemma4_e4b_all_legal_moves_v3,e4b,Gemma 4 E4B,32,0,3.8506666666666667,0.011573354154825211
gemma4_e4b_all_legal_moves_v3,e4b,Gemma 4 E4B,32,0,3.8613333333333335,0.016240377724170686
gemma4_e4b_all_legal_moves_v3,e4b,Gemma 4 E4B,32,0,3.872,0.013054575026035308
gemma4_e4b_all_legal_moves_v3,e4b,Gemma 4 E4B,32,0,3.8826666666666667,0.01314549744129181
gemma4_e4b_all_legal_moves_v3,e4b,Gemma 4 E4B,32,0,3.8933333333333335,0.01019156351685524
gemma4_e4b_all_legal_moves_v3,e4b,Gemma 4 E4B,32,0,3.904,0.013472768664360046
gemma4_e4b_all_legal_moves_v3,e4b,Gemma 4 E4B,32,0,3.9146666666666667,0.017670322954654694
gemma4_e4b_all_legal_moves_v3,e4b,Gemma 4 E4B,32,0,3.9253333333333336,0.01568586528301239
gemma4_e4b_all_legal_moves_v3,e4b,Gemma 4 E4B,32,0,3.936,0.01576848030090332
gemma4_e4b_all_legal_moves_v3,e4b,Gemma 4 E4B,32,0,3.9466666666666668,0.014472807943820953
gemma4_e4b_all_legal_moves_v3,e4b,Gemma 4 E4B,32,0,3.9573333333333336,0.011390924453735352
gemma4_e4b_all_legal_moves_v3,e4b,Gemma 4 E4B,32,0,3.968,0.01664796471595764
gemma4_e4b_all_legal_moves_v3,e4b,Gemma 4 E4B,32,0,3.978666666666667,0.015021608769893646
gemma4_e4b_all_legal_moves_v3,e4b,Gemma 4 E4B,32,0,3.989333333333333,0.017838358879089355
gemma4_e4b_all_legal_moves_v3,e4b,Gemma 4 E4B,32,0,4.0,0.016269303858280182
gemma4_e4b_all_legal_moves_v3,e4b,Gemma 4 E4B,32,0,4.010666666666666,0.009606774151325225
gemma4_e4b_all_legal_moves_v3,e4b,Gemma 4 E4B,32,0,4.021333333333334,0.00998879000544548
gemma4_e4b_all_legal_moves_v3,e4b,Gemma 4 E4B,32,0,4.032,0.009321759641170501
gemma4_e4b_all_legal_moves_v3,e4b,Gemma 4 E4B,32,0,4.042666666666666,0.015678134560585023
gemma4_e4b_all_legal_moves_v3,e4b,Gemma 4 E4B,32,0,4.053333333333334,0.017354725301265715
gemma4_e4b_all_legal_moves_v3,e4b,Gemma 4 E4B,32,0,4.064,0.01126142144203186
gemma4_e4b_all_legal_moves_v3,e4b,Gemma 4 E4B,32,0,4.074666666666666,0.010273438692092896
gemma4_e4b_all_legal_moves_v3,e4b,Gemma 4 E4B,32,0,4.085333333333334,0.009793063253164291
gemma4_e4b_all_legal_moves_v3,e4b,Gemma 4 E4B,32,0,4.096,0.008820296078920365
gemma4_e4b_all_legal_moves_v3,e4b,Gemma 4 E4B,32,0,4.1066666666666665,0.009286099672317505
gemma4_e4b_all_legal_moves_v3,e4b,Gemma 4 E4B,32,0,4.117333333333334,0.00880548506975174
gemma4_e4b_all_legal_moves_v3,e4b,Gemma 4 E4B,32,0,4.128,0.013400281965732574
gemma4_e4b_all_legal_moves_v3,e4b,Gemma 4 E4B,32,0,4.1386666666666665,0.013693103194236755
gemma4_e4b_all_legal_moves_v3,e4b,Gemma 4 E4B,32,0,4.149333333333334,0.011088722944259643
gemma4_e4b_all_legal_moves_v3,e4b,Gemma 4 E4B,32,0,4.16,0.009862273186445236
gemma4_e4b_all_legal_moves_v3,e4b,Gemma 4 E4B,32,0,4.1706666666666665,0.009716933220624923
gemma4_e4b_all_legal_moves_v3,e4b,Gemma 4 E4B,32,0,4.181333333333333,0.009212958067655564
gemma4_e4b_all_legal_moves_v3,e4b,Gemma 4 E4B,32,0,4.192,0.00791773572564125
gemma4_e4b_all_legal_moves_v3,e4b,Gemma 4 E4B,32,0,4.2026666666666666,0.008913636207580566
gemma4_e4b_all_legal_moves_v3,e4b,Gemma 4 E4B,32,0,4.213333333333333,0.007521636039018631
gemma4_e4b_all_legal_moves_v3,e4b,Gemma 4 E4B,32,0,4.224,0.0085492342710495
gemma4_e4b_all_legal_moves_v3,e4b,Gemma 4 E4B,32,0,4.234666666666667,0.0073234282433986666
gemma4_e4b_all_legal_moves_v3,e4b,Gemma 4 E4B,32,0,4.245333333333333,0.013266333937644958
gemma4_e4b_all_legal_moves_v3,e4b,Gemma 4 E4B,32,0,4.256,0.01293979287147522
gemma4_e4b_all_legal_moves_v3,e4b,Gemma 4 E4B,32,0,4.266666666666667,0.012087877094745635
gemma4_e4b_all_legal_moves_v3,e4b,Gemma 4 E4B,32,0,4.277333333333333,0.008688510954380035
gemma4_e4b_all_legal_moves_v3,e4b,Gemma 4 E4B,32,0,4.288,0.009128400683403015
gemma4_e4b_all_legal_moves_v3,e4b,Gemma 4 E4B,32,0,4.298666666666667,0.009875347465276718
gemma4_e4b_all_legal_moves_v3,e4b,Gemma 4 E4B,32,0,4.309333333333333,0.009156996756792069
gemma4_e4b_all_legal_moves_v3,e4b,Gemma 4 E4B,32,0,4.32,0.008387928456068039
gemma4_e4b_all_legal_moves_v3,e4b,Gemma 4 E4B,32,0,4.330666666666667,0.00801994651556015
gemma4_e4b_all_legal_moves_v3,e4b,Gemma 4 E4B,32,0,4.341333333333333,0.0079053096473217
gemma4_e4b_all_legal_moves_v3,e4b,Gemma 4 E4B,32,0,4.352,0.007517874985933304
gemma4_e4b_all_legal_moves_v3,e4b,Gemma 4 E4B,32,0,4.362666666666667,0.006972610950469971
gemma4_e4b_all_legal_moves_v3,e4b,Gemma 4 E4B,32,0,4.373333333333333,0.008437364548444747
gemma4_e4b_all_legal_moves_v3,e4b,Gemma 4 E4B,32,0,4.384,0.008721351623535156
gemma4_e4b_all_legal_moves_v3,e4b,Gemma 4 E4B,32,0,4.394666666666667,0.011665623635053635
gemma4_e4b_all_legal_moves_v3,e4b,Gemma 4 E4B,32,0,4.405333333333333,0.01185591220855713
gemma4_e4b_all_legal_moves_v3,e4b,Gemma 4 E4B,32,0,4.416,0.011428924649953843
gemma4_e4b_all_legal_moves_v3,e4b,Gemma 4 E4B,32,0,4.426666666666667,0.010669788718223572
gemma4_e4b_all_legal_moves_v3,e4b,Gemma 4 E4B,32,0,4.437333333333333,0.0074730910360813144
gemma4_e4b_all_legal_moves_v3,e4b,Gemma 4 E4B,32,0,4.448,0.008497322350740433
gemma4_e4b_all_legal_moves_v3,e4b,Gemma 4 E4B,32,0,4.458666666666667,0.008033835887908935
gemma4_e4b_all_legal_moves_v3,e4b,Gemma 4 E4B,32,0,4.469333333333333,0.00786575824022293
gemma4_e4b_all_legal_moves_v3,e4b,Gemma 4 E4B,32,0,4.48,0.007539460808038712
gemma4_e4b_all_legal_moves_v3,e4b,Gemma 4 E4B,32,0,4.490666666666667,0.007622039318084717
gemma4_e4b_all_legal_moves_v3,e4b,Gemma 4 E4B,32,0,4.501333333333333,0.0070897616446018216
gemma4_e4b_all_legal_moves_v3,e4b,Gemma 4 E4B,32,0,4.5120000000000005,0.007956625521183014
gemma4_e4b_all_legal_moves_v3,e4b,Gemma 4 E4B,32,0,4.522666666666667,0.007036211341619492
gemma4_e4b_all_legal_moves_v3,e4b,Gemma 4 E4B,32,0,4.533333333333333,0.006615785509347915
gemma4_e4b_all_legal_moves_v3,e4b,Gemma 4 E4B,32,0,4.5440000000000005,0.009867442399263382
gemma4_e4b_all_legal_moves_v3,e4b,Gemma 4 E4B,32,0,4.554666666666667,0.01113353595137596
gemma4_e4b_all_legal_moves_v3,e4b,Gemma 4 E4B,32,0,4.565333333333333,0.011116077750921249
gemma4_e4b_all_legal_moves_v3,e4b,Gemma 4 E4B,32,0,4.576,0.01211058273911476
gemma4_e4b_all_legal_moves_v3,e4b,Gemma 4 E4B,32,0,4.586666666666667,0.0063355214893817905
gemma4_e4b_all_legal_moves_v3,e4b,Gemma 4 E4B,32,0,4.597333333333333,0.0076267078518867494
gemma4_e4b_all_legal_moves_v3,e4b,Gemma 4 E4B,32,0,4.608,0.007787298411130905
gemma4_e4b_all_legal_moves_v3,e4b,Gemma 4 E4B,32,0,4.618666666666667,0.007753059267997742
gemma4_e4b_all_legal_moves_v3,e4b,Gemma 4 E4B,32,0,4.629333333333333,0.0070876538753509525
gemma4_e4b_all_legal_moves_v3,e4b,Gemma 4 E4B,32,0,4.64,0.007384704798460007
gemma4_e4b_all_legal_moves_v3,e4b,Gemma 4 E4B,32,0,4.650666666666667,0.007879392057657243
gemma4_e4b_all_legal_moves_v3,e4b,Gemma 4 E4B,32,0,4.661333333333333,0.007657886296510696
gemma4_e4b_all_legal_moves_v3,e4b,Gemma 4 E4B,32,0,4.672,0.006099693849682808
gemma4_e4b_all_legal_moves_v3,e4b,Gemma 4 E4B,32,0,4.682666666666667,0.006984949856996536
gemma4_e4b_all_legal_moves_v3,e4b,Gemma 4 E4B,32,0,4.693333333333333,0.008356442302465438
gemma4_e4b_all_legal_moves_v3,e4b,Gemma 4 E4B,32,0,4.704,0.009693565219640732
gemma4_e4b_all_legal_moves_v3,e4b,Gemma 4 E4B,32,0,4.714666666666667,0.008831290900707245
gemma4_e4b_all_legal_moves_v3,e4b,Gemma 4 E4B,32,0,4.725333333333333,0.010621990263462066
gemma4_e4b_all_legal_moves_v3,e4b,Gemma 4 E4B,32,0,4.736,0.007408224046230316
gemma4_e4b_all_legal_moves_v3,e4b,Gemma 4 E4B,32,0,4.746666666666667,0.007994899898767472
gemma4_e4b_all_legal_moves_v3,e4b,Gemma 4 E4B,32,0,4.757333333333333,0.007688938081264496
gemma4_e4b_all_legal_moves_v3,e4b,Gemma 4 E4B,32,0,4.768,0.007365917414426803
gemma4_e4b_all_legal_moves_v3,e4b,Gemma 4 E4B,32,0,4.778666666666666,0.007154487073421478
gemma4_e4b_all_legal_moves_v3,e4b,Gemma 4 E4B,32,0,4.789333333333333,0.006639278680086136
gemma4_e4b_all_legal_moves_v3,e4b,Gemma 4 E4B,32,0,4.8,0.007113287597894669
gemma4_e4b_all_legal_moves_v3,e4b,Gemma 4 E4B,32,0,4.810666666666666,0.007817257940769196
gemma4_e4b_all_legal_moves_v3,e4b,Gemma 4 E4B,32,0,4.8213333333333335,0.009863046556711197
gemma4_e4b_all_legal_moves_v3,e4b,Gemma 4 E4B,32,0,4.832,0.010151516646146774
gemma4_e4b_all_legal_moves_v3,e4b,Gemma 4 E4B,32,0,4.842666666666666,0.008334625512361526
gemma4_e4b_all_legal_moves_v3,e4b,Gemma 4 E4B,32,0,4.8533333333333335,0.00740111917257309
gemma4_e4b_all_legal_moves_v3,e4b,Gemma 4 E4B,32,0,4.864,0.008602315187454223
gemma4_e4b_all_legal_moves_v3,e4b,Gemma 4 E4B,32,0,4.874666666666666,0.007438959926366806
gemma4_e4b_all_legal_moves_v3,e4b,Gemma 4 E4B,32,0,4.8853333333333335,0.0076787568628788
gemma4_e4b_all_legal_moves_v3,e4b,Gemma 4 E4B,32,0,4.896,0.006721580773591996
gemma4_e4b_all_legal_moves_v3,e4b,Gemma 4 E4B,32,0,4.906666666666666,0.008496861904859543
gemma4_e4b_all_legal_moves_v3,e4b,Gemma 4 E4B,32,0,4.917333333333334,0.009179705381393432
gemma4_e4b_all_legal_moves_v3,e4b,Gemma 4 E4B,32,0,4.928,0.007596145570278168
gemma4_e4b_all_legal_moves_v3,e4b,Gemma 4 E4B,32,0,4.938666666666666,0.00877295583486557
gemma4_e4b_all_legal_moves_v3,e4b,Gemma 4 E4B,32,0,4.949333333333334,0.008152902126312256
gemma4_e4b_all_legal_moves_v3,e4b,Gemma 4 E4B,32,0,4.96,0.007360265403985977
gemma4_e4b_all_legal_moves_v3,e4b,Gemma 4 E4B,32,0,4.970666666666666,0.009033594280481339
gemma4_e4b_all_legal_moves_v3,e4b,Gemma 4 E4B,32,0,4.981333333333334,0.008051791042089463
gemma4_e4b_all_legal_moves_v3,e4b,Gemma 4 E4B,32,0,4.992,0.008118049055337907
